trade_date,gate,abs_ret,exc_ret,uni,tov,cost,abs_net,exc_net
2018-01-30,0,-0.0300617774330518,0.0,-0.0300617774330518,0.0,0.0,-0.0300617774330518,0.0
2018-03-06,0,0.0207044238620879,0.0,0.0207044238620879,0.0,0.0,0.0207044238620879,0.0
2018-04-03,0,-0.0032447771009097,0.0,-0.0032447771009097,0.0,0.0,-0.0032447771009097,0.0
2018-05-07,0,-0.0372563645540475,0.0,-0.0372563645540475,0.0,0.0,-0.0372563645540475,0.0
2018-06-04,0,-0.1290657211499642,0.0,-0.1290657211499642,0.0,0.0,-0.1290657211499642,0.0
2018-07-03,0,0.0013795581377648,0.0,0.0013795581377648,0.0,0.0,0.0013795581377648,0.0
2018-07-31,0,-0.0404248037752183,0.0,-0.0404248037752183,0.0,0.0,-0.0404248037752183,0.0
2018-08-28,0,-0.0415685361928546,0.0,-0.0415685361928546,0.0,0.0,-0.0415685361928546,0.0
2018-09-26,1,-0.075657403039172,0.0019382384018497,-0.0775956414410218,1.0,0.0005,-0.076157403039172,0.0014382384018497
2018-10-31,1,0.0685563705081591,0.0247998141313475,0.0437565563768116,0.7657142857142857,0.0003828571428571,0.0681735133653019,0.0244169569884903
2018-11-28,1,-0.0216110546748499,0.0128884383811984,-0.0344994930560483,0.7949438202247191,0.0003974719101123,-0.0220085265849623,0.012490966471086
2018-12-26,1,0.0404206724071166,0.0071114950247607,0.0333091773823558,0.7503506311360448,0.000375175315568,0.0400454970915485,0.0067363197091927
2019-01-25,1,0.1913864871511768,0.00395374512157,0.1874327420296068,0.765034965034965,0.0003825174825174,0.1910039696686594,0.0035712276390525
2019-03-01,1,0.1291256925446187,0.0122988885158313,0.1168268040287874,0.725,0.0003625,0.1287631925446187,0.0119363885158313
2019-03-29,1,-0.0625850892076106,0.0107827078380541,-0.0733677970456648,0.7364016736401673,0.00036820083682,-0.0629532900444307,0.010414507001234
2019-04-29,0,-0.0474385945065118,0.0,-0.0474385945065118,1.0,0.0005,-0.0479385945065118,-0.0005
2019-05-30,1,0.0414673848304021,0.0073078194170613,0.0341595654133407,1.0,0.0005,0.0409673848304021,0.0068078194170613
2019-06-28,1,-0.0391208894370253,0.0042598533077991,-0.0433807427448244,0.7524071526822559,0.0003762035763411,-0.0394970930133664,0.0038836497314579
2019-07-26,1,-0.0196455594045816,-0.0046647314350038,-0.0149808279695777,0.7087912087912087,0.0003543956043956,-0.0199999550089772,-0.0050191270393994
2019-08-23,1,0.0714736454096856,0.0020616325144578,0.0694120128952278,0.7374149659863946,0.0003687074829931,0.0711049379266925,0.0016929250314646
2019-09-23,1,-0.0239310526712604,0.0035488395263715,-0.027479892197632,0.7059620596205962,0.0003529810298102,-0.0242840337010707,0.0031958584965612
2019-10-28,1,-0.0474204736502755,-0.0077114231587258,-0.0397090504915497,0.7244623655913979,0.0003622311827956,-0.0477827048330712,-0.0080736543415215
2019-11-25,0,0.064282895198083,0.0,0.064282895198083,1.0,0.0005,0.063782895198083,-0.0005
2019-12-23,1,0.050639610728723,-0.0082429744134108,0.0588825851421339,1.0,0.0005,0.050139610728723,-0.0087429744134108
2020-01-21,0,0.0211569926315288,0.0,0.0211569926315288,1.0,0.0005,0.0206569926315288,-0.0005
2020-02-26,1,-0.041210516497205,0.0253737096686722,-0.0665842261658772,1.0,0.0005,-0.041710516497205,0.0248737096686722
2020-03-25,1,0.0136887940868767,0.0059693569815575,0.0077194371053192,0.7565104166666666,0.0003782552083333,0.0133105388785433,0.0055911017732241
2020-04-23,1,0.0067958305124735,-0.0021192802729979,0.0089151107854715,0.7377260981912145,0.0003688630490956,0.0064269674633779,-0.0024881433220936
2020-05-26,0,0.0659087928597016,0.0,0.0659087928597016,1.0,0.0005,0.0654087928597016,-0.0005
2020-06-23,0,0.0902048079937667,0.0,0.0902048079937667,0.0,0.0,0.0902048079937667,0.0
2020-07-23,1,0.0802657355942557,0.0077270998624382,0.0725386357318174,1.0,0.0005,0.0797657355942557,0.0072270998624382
2020-08-20,1,-0.0044116520668005,0.0062147406767023,-0.0106263927435028,0.7805800756620429,0.000390290037831,-0.0048019421046315,0.0058244506388713
2020-09-17,1,-0.0314797804035893,-0.0062520049597788,-0.0252277754438104,0.7898009950248757,0.0003949004975124,-0.0318746809011017,-0.0066469054572913
2020-10-23,1,0.0258605032976125,0.0055187295422975,0.020341773755315,0.7435582822085889,0.0003717791411042,0.0254887241565082,0.0051469504011932
2020-11-20,1,-0.0415367444263977,-0.0055429381626538,-0.0359938062637439,0.7548543689320388,0.000377427184466,-0.0419141716108637,-0.0059203653471198
2020-12-18,0,-0.0423855852510546,0.0,-0.0423855852510546,1.0,0.0005,-0.0428855852510546,-0.0005
2021-01-18,1,-0.0113565150317018,-0.0048228452131457,-0.0065336698185561,1.0,0.0005,-0.0118565150317018,-0.0053228452131457
2021-02-22,1,0.0191687528523911,0.0078955967676139,0.0112731560847772,0.7683215130023641,0.0003841607565011,0.0187845920958899,0.0075114360111127
2021-03-22,1,0.035329205231702,0.0097828728360214,0.0255463323956805,0.7482435597189696,0.0003741217798594,0.0349550834518425,0.0094087510561619
2021-04-20,1,-0.0042849627051946,-0.0090732078525304,0.0047882451473357,0.8032596041909197,0.0004016298020954,-0.0046865925072901,-0.0094748376546258
2021-05-21,1,0.0660093815668248,0.005603238441642,0.0604061431251828,0.7502876869965478,0.0003751438434982,0.0656342377233266,0.0052280945981437
2021-06-21,1,0.0102578680791295,-0.0043982788880717,0.0146561469672013,0.7437357630979499,0.0003718678815489,0.0098860001975806,-0.0047701467696206
2021-07-19,1,0.0090765334757621,0.0023137703137832,0.0067627631619789,0.7334083239595051,0.0003667041619797,0.0087098293137824,0.0019470661518034
2021-08-16,1,0.074669250315946,0.0103269443943153,0.0643423059216306,0.7144444444444444,0.0003572222222222,0.0743120280937237,0.0099697221720931
2021-09-13,1,-0.0357972569418016,0.0085140403655853,-0.044311297307387,0.7603938730853392,0.0003801969365426,-0.0361774538783443,0.0081338434290426
2021-10-20,1,0.0533030384182591,0.0131410006710262,0.0401620377472329,0.7606093579978237,0.0003803046789989,0.0529227337392602,0.0127606959920273
2021-11-17,1,0.0727827089939415,0.0215735309351451,0.0512091780587964,0.7314715359828141,0.0003657357679914,0.0724169732259501,0.0212077951671537
2021-12-15,1,0.0047944042823252,0.0051408461149732,-0.0003464418326479,0.7502668089647813,0.0003751334044823,0.0044192708778428,0.0047657127104908
2022-01-13,1,-0.046532889276013,0.0026632680988406,-0.0491961573748537,0.7709437963944856,0.0003854718981972,-0.0469183611742103,0.0022777962006434
2022-02-17,1,-0.0508638860156871,0.0007428674912981,-0.0516067535069852,0.7636554621848739,0.0003818277310924,-0.0512457137467795,0.0003610397602056
2022-03-17,1,-0.0563173624782148,-0.0051730646177133,-0.0511442978605014,0.6938349007314524,0.0003469174503657,-0.0566642799285805,-0.0055199820680791
2022-04-18,1,-0.0238268866112994,0.0043124891446843,-0.0281393757559838,0.7513061650992685,0.0003756530825496,-0.024202539693849,0.0039368360621347
2022-05-19,1,0.0772693979993171,0.008084620070979,0.0691847779283381,0.752092050209205,0.0003760460251046,0.0768933519742125,0.0077085740458743
2022-06-17,0,0.0208656297413965,0.0,0.0208656297413965,1.0,0.0005,0.0203656297413965,-0.0005
2022-07-15,1,0.0659959334726147,0.0156982488847601,0.0502976845878545,1.0,0.0005,0.0654959334726147,0.0151982488847601
2022-08-12,1,-0.0320325257519594,-0.00020688861069,-0.0318256371412693,0.7616099071207431,0.0003808049535603,-0.0324133307055198,-0.0005876935642504
2022-09-09,1,-0.0438020903161804,0.001894069382815,-0.0456961596989955,0.7742594484167518,0.0003871297242083,-0.0441892200403888,0.0015069396586066
2022-10-17,1,0.0591340254315833,0.0104571803393526,0.0486768450922306,0.7472081218274111,0.0003736040609137,0.0587604213706696,0.0100835762784389
2022-11-14,1,-0.0036649119270433,0.0006820417340585,-0.0043469536611018,0.7653575025176234,0.0003826787512588,-0.0040475906783021,0.0002993629827997
2022-12-12,1,-0.0148976761225837,0.0093342778511686,-0.0242319539737524,0.7597208374875374,0.0003798604187437,-0.0152775365413275,0.0089544174324248
2023-01-10,1,0.1239790469280872,0.0257977028652739,0.0981813440628132,0.7829534192269574,0.0003914767096134,0.1235875702184737,0.0254062261556604
2023-02-14,1,-0.0326793679825448,2.389102717750835e-05,-0.0327032590097223,0.775691699604743,0.0003878458498023,-0.0330672138323472,-0.0003639548226248
2023-03-14,1,-0.0056860305128169,-0.0116353665329431,0.0059493360201262,0.7733071638861629,0.000386653581943,-0.0060726840947599,-0.0120220201148862
2023-04-12,1,-0.0401082532418433,0.0039088739979315,-0.0440171272397748,0.7086999022482894,0.0003543499511241,-0.0404626031929674,0.0035545240468073
2023-05-15,1,0.023497694374687,0.0009230540212194,0.0225746403534676,0.7126099706744868,0.0003563049853372,0.0231413893893498,0.0005667490358821
2023-06-12,1,0.0239201329331244,0.0063163660968096,0.0176037668363147,0.7337220602526725,0.0003668610301263,0.023553271902998,0.0059495050666833
2023-07-12,1,-0.0001869715761708,0.0128999321211683,-0.0130869036973392,0.75,0.000375,-0.0005619715761708,0.0125249321211683
2023-08-09,1,-0.0231037393100759,0.0055960461870064,-0.0286997854970823,0.7940613026819924,0.0003970306513409,-0.0235007699614169,0.0051990155356654
2023-09-06,1,-0.0045533223701075,0.0026281494894601,-0.0071814718595676,0.7247619047619047,0.0003623809523809,-0.0049157033224885,0.0022657685370791
2023-10-12,1,0.0150119753266194,-0.0025666824865172,0.0175786578131366,0.7096774193548387,0.0003548387096774,0.014657136616942,-0.0029215211961946
2023-11-09,1,-0.0004951126024074,-0.0062548972269077,0.0057597846245002,0.6805293005671078,0.0003402646502835,-0.000835377252691,-0.0065951618771913
2023-12-07,1,-0.0448204107495125,-0.0078771999585666,-0.0369432107909458,0.6849056603773584,0.0003424528301886,-0.0451628635797012,-0.0082196527887553
2024-01-05,1,-0.2783847815845742,-0.0241829975818805,-0.2542017840026936,0.7365945437441204,0.000368297271872,-0.2787530788564463,-0.0245512948537526
2024-02-02,1,0.2981269619356226,0.038489614648457,0.2596373472871656,0.6923076923076923,0.0003461538461538,0.2977808080894688,0.0381434608023031
2024-03-11,1,0.004101192396843,0.0226625668884426,-0.0185613744915996,0.74812734082397,0.0003740636704119,0.003727128726431,0.0222885032180306
2024-04-10,1,0.0001430834300613,-0.0046721792684042,0.0048152626984656,0.7551401869158878,0.0003775700934579,-0.0002344866633965,-0.0050497493618621
2024-05-13,1,-0.0877305285917069,-0.020796258040601,-0.0669342705511059,0.699812382739212,0.0003499061913696,-0.0880804347830765,-0.0211461642319706
2024-06-11,1,-0.0722573974020597,0.0026096917842557,-0.0748670891863154,0.6434619002822202,0.0003217309501411,-0.0725791283522008,0.0022879608341146
2024-07-09,1,0.0373604172004148,0.0156906433811652,0.0216697738192495,0.7192488262910799,0.0003596244131455,0.0370007927872693,0.0153310189680197
2024-08-06,1,-0.0211980696487902,0.0138566220414254,-0.0350546916902157,0.7727699530516432,0.0003863849765258,-0.021584454625316,0.0134702370648996
2024-09-03,1,0.1674517819793039,0.0068287415317311,0.1606230404475727,0.7671361502347418,0.0003835680751173,0.1670682139041865,0.0064451734566138
2024-10-10,1,0.1780279408012535,-0.0184190552942928,0.1964469960955463,0.725398313027179,0.0003626991565135,0.1776652416447399,-0.0187817544508064
2024-11-07,1,0.0359035890252162,0.0156065731887842,0.020297015836432,0.7184284377923293,0.0003592142188961,0.03554437480632,0.015247358969888
2024-12-05,1,-0.1265062276423973,0.0092788276116829,-0.1357850552540803,0.7394957983193278,0.0003697478991596,-0.126875975541557,0.0089090797125232
2025-01-03,0,0.1109290924445988,0.0,0.1109290924445988,1.0,0.0005,0.1104290924445988,-0.0005
2025-02-10,1,0.0583840412851641,0.0031257763146623,0.0552582649705017,1.0,0.0005,0.0578840412851641,0.0026257763146623
2025-03-10,1,-0.0852959105802425,0.00801888162096,-0.0933147922012025,0.7216014897579144,0.0003608007448789,-0.0856567113251214,0.007658080876081
2025-04-08,1,0.1429721555633187,0.0217542630507321,0.1212178925125865,0.7665116279069768,0.0003832558139534,0.1425888997493652,0.0213710072367786
2025-05-09,1,0.0234202673000947,-0.0037371993845741,0.0271574666846689,0.783457249070632,0.0003917286245353,0.0230285386755594,-0.0041289280091095
2025-06-09,1,0.0443321179612737,0.0011926103248399,0.0431395076364338,0.733271375464684,0.0003666356877323,0.0439654822735414,0.0008259746371075
2025-07-07,1,0.0625117378348511,0.0054964624555105,0.0570152753793406,0.7430426716141002,0.000371521335807,0.0621402164990441,0.0051249411197035
2025-08-04,1,0.0410897520521116,-0.0053252926858854,0.046415044737997,0.787037037037037,0.0003935185185185,0.0406962335335931,-0.0057188112044039
2025-09-01,0,0.0101453101885963,0.0,0.0101453101885963,1.0,0.0005,0.0096453101885963,-0.0005
2025-09-29,0,0.0222476319548915,0.0,0.0222476319548915,0.0,0.0,0.0222476319548915,0.0
2025-11-04,1,-0.0269510031233839,-0.0024795273161139,-0.0244714758072699,1.0,0.0005,-0.0274510031233839,-0.0029795273161139
2025-12-02,1,0.0239837032528511,0.001490364253902,0.022493338998949,0.7705069124423963,0.0003852534562211,0.0235984497966299,0.0011051107976808
2025-12-30,1,0.0777298346429764,0.0070386635621897,0.0706911710807867,0.7784926470588236,0.0003892463235294,0.077340588319447,0.0066494172386603
2026-01-29,0,-0.000335627968303,0.0,-0.000335627968303,1.0,0.0005,-0.000835627968303,-0.0005
2026-03-06,1,-0.077471169225895,-0.0044581917736356,-0.0730129774522594,1.0,0.0005,-0.077971169225895,-0.0049581917736356
