trade_date,q5,q1,ls,all,tov_q5,tov_q1,ls_after,q5_excess,q5_excess_after
2018-10-31,0.008330011515273381,0.05778601135939679,-0.04945599984412341,0.03664597544141095,1.0,1.0,-0.05045599984412341,-0.028315963926137565,-0.028815963926137566
2018-11-28,-0.029319819176091222,-0.04133158471957239,0.01201176554348117,-0.03626746139499553,0.3356521739130435,0.35416666666666663,0.011666856123191315,0.006947642218904308,0.006779816131947786
2018-12-26,0.022210307457182315,0.027200854333326623,-0.004990546876144308,0.03294158889338157,0.23141891891891897,0.20777027027027029,-0.005210141470738903,-0.010731281436199256,-0.010846990895658715
2019-01-25,0.1506336905246192,0.19555716246091762,-0.04492347193629842,0.16601779215332962,0.23606557377049175,0.23278688524590163,-0.04515789816580662,-0.015384101628710428,-0.015502134415595673
2019-03-01,0.10652070267300077,0.10796017066470957,-0.0014394679917087982,0.10806744537832849,0.3206349206349206,0.373015873015873,-0.001786293388534195,-0.0015467427053277166,-0.0017070601656451769
2019-03-29,-0.07866956730212818,-0.08622145199567323,0.0075518846935450495,-0.07853861782634176,0.2683307332293292,0.2870514820592823,0.007274193585900744,-0.00013094947578641547,-0.0002651148424010801
2019-04-29,-0.0475919849975504,-0.06614749254917997,0.018555507551629567,-0.0526797333948774,0.31748466257668717,0.29141104294478526,0.01825105969886883,0.005087748397327001,0.004929006066038657
2019-05-30,0.0353598746652917,0.02777401507677331,0.007585859588518394,0.03279227555514731,0.32121212121212117,0.30000000000000004,0.007275253527912333,0.0025675991101443904,0.0024069930495383297
2019-06-28,-0.051578089025705855,-0.0496933975005067,-0.0018846915251991558,-0.04414046826178012,0.2639517345399698,0.25037707390648567,-0.0021418559294223835,-0.007437620763925734,-0.007569596631195719
2019-07-26,-0.0089607627023113,-0.020183322011500412,0.011222559309189112,-0.018892388620766705,0.2507507507507507,0.2582582582582582,0.010968054804684607,0.009931625918455405,0.00980625054308003
2019-08-23,0.06499713351641213,0.07389201935572703,-0.0088948858393149,0.06196298625870039,0.24437781109445278,0.26796407185628746,-0.00915105678079027,0.0030341472577117418,0.0029119583521645155
2019-09-23,-0.03263431817620905,-0.04010067174656146,0.007466353570352413,-0.029471848293096518,0.22089552238805965,0.23695976154992549,0.007237425928383421,-0.003162469883112532,-0.003272917644306562
2019-10-28,-0.049998369612375464,-0.039659406078242816,-0.010338963534132647,-0.04360809242382776,0.24702380952380953,0.2734026745913819,-0.010599176776190242,-0.006390277188547705,-0.00651378909330961
2019-11-25,0.05001608457546181,0.06383682234214784,-0.013820737766686027,0.057072702339018,0.22666666666666668,0.24852071005917165,-0.014058331455048947,-0.007056617763556185,-0.007169951096889518
2019-12-23,0.07079562497711282,0.044027133407313346,0.026768491569799477,0.05159289330031587,0.24076809453471193,0.2463126843657817,0.02652495118034923,0.019202731676796952,0.019082347629529598
2020-01-21,0.026624922221212845,0.021729465013754216,0.004895457207458629,0.013808138074433611,0.19236417033773867,0.21292217327459617,0.004692814035652462,0.012816784146779234,0.012720602061610365
2020-02-26,-0.11905352175504068,-0.059070840808193574,-0.059982680946847104,-0.07497627499670488,0.2152269399707174,0.25768667642752563,-0.060219137755046226,-0.0440772467583358,-0.04418486022832115
2020-03-25,0.02602544142858587,-0.022513658132197533,0.04853909956078341,0.002663171721709625,0.272992700729927,0.31532846715328466,0.0482449389768418,0.023362269706876247,0.023225773356511284
2020-04-23,0.01871740824044046,-0.021423278600429883,0.04014068684087034,0.0018180286340765334,0.2790697674418605,0.33139534883720934,0.0398354542827308,0.016899379606363927,0.016759844722642997
2020-05-26,0.09149053571166012,0.04327099516022269,0.04821954055143743,0.05782679675304355,0.2615606936416185,0.2947976878612717,0.04794136136068598,0.03366373895861657,0.033532958611795755
2020-06-23,0.07749177378893195,0.07997049958893196,-0.0024787258000000117,0.08331281669071681,0.20893371757925072,0.29250720461095103,-0.0027294462610951125,-0.0058210429017848675,-0.005925509760574493
2020-07-23,0.043519271453228474,0.07663049884057715,-0.03311122738734868,0.06687637299254233,0.18965517241379315,0.23563218390804597,-0.0333238710655096,-0.023357101539313856,-0.023451929125520753
2020-08-20,-0.0433884857190841,0.005088933822911151,-0.048477419541995255,-0.016963002567260195,0.23931623931623935,0.2435897435897436,-0.04871887253344825,-0.026425483151823907,-0.026545141271482026
2020-09-17,-0.03916172946540072,-0.01822138821083865,-0.020940341254562067,-0.02748622497657012,0.24011299435028244,0.2143864598025388,-0.02116759098163848,-0.011675504488830597,-0.011795560986005739
2020-10-23,0.00471639906204311,0.018456364406043285,-0.013739965344000175,0.017093585474885934,0.2391608391608392,0.26433566433566436,-0.013991713595748427,-0.012377186412842824,-0.012496766832423244
2020-11-20,-0.025697137075797485,-0.05106225653943733,0.025365119463639844,-0.039320597856142545,0.21418636995827534,0.24478442280945756,0.025135634067255976,0.01362346078034506,0.013516367595365923
2020-12-18,-0.00951551730032557,-0.06225892817855967,0.0527434108782341,-0.044414524066664934,0.2110344827586207,0.2303448275862069,0.05252272122306169,0.03489900676633936,0.03479348952496005
2021-01-18,-0.00963912712934075,-0.014923717170314583,0.0052845900409738324,-0.011134944572377351,0.1746905089408528,0.22971114167812934,0.005082389215664341,0.0014958174430366004,0.001408472188566174
2021-02-22,-0.053839859583702056,0.025378097331360695,-0.07921795691506275,0.003397102916072922,0.2527322404371585,0.3019125683060109,-0.07949527931943434,-0.05723696249977498,-0.05736332861999356
2021-03-22,0.03292536551708386,0.02661813194366687,0.00630723357341699,0.020519965203633344,0.21845318860244234,0.2727272727272727,0.0060616433427521325,0.012405400313450516,0.012296173719149294
2021-04-20,0.00925894401320383,0.004775178677205025,0.004483765335998805,0.003645256541691351,0.1978465679676985,0.24091520861372817,0.0042643844477080915,0.005613687471512479,0.00551476418752863
2021-05-21,0.06584306765586123,0.07390183113803166,-0.008058763482170425,0.052087211439354415,0.18085106382978722,0.28021248339973437,-0.008289295255785187,0.013755856216506816,0.013665430684591922
2021-06-21,0.03469285685109519,-0.004727074603236009,0.039419931454331196,0.013415994099160715,0.2295514511873351,0.2806324110671937,0.03916483952320393,0.021276862751934474,0.021162087026340808
2021-07-19,-0.005359762344450058,0.008570594368459304,-0.013930356712909361,0.004717990053096025,0.24191461836998707,0.26002587322121606,-0.014181326958704964,-0.010077752397546082,-0.010198709706731075
2021-08-16,0.07093435750053828,0.04597116211759832,0.024963195382939958,0.06119528849038226,0.2442748091603053,0.27226463104325704,0.024704925662838176,0.009739069010156018,0.009616931605575866
2021-09-13,-0.06264425376540764,-0.05044674930185878,-0.012197504463548857,-0.051170772855949155,0.21662468513853905,0.2506297229219143,-0.012431131667579084,-0.011473480909458482,-0.011581793252027751
2021-10-20,0.012423021978980441,0.05606074754767903,-0.04363772556869859,0.030990775118376914,0.21250000000000002,0.24875000000000003,-0.04386835056869859,-0.018567753139396473,-0.01867400313939647
2021-11-17,0.030349188800725353,0.05168202853484789,-0.02133283973412254,0.049934353182114144,0.19653893695920888,0.22991347342398027,-0.021546065939314133,-0.01958516438138879,-0.019683433849868395
2021-12-15,-0.07247515014145484,0.016480224329898742,-0.08895537447135357,-0.004023847925786077,0.22888616891064872,0.2692778457772338,-0.08920445647869751,-0.06845130221566875,-0.06856574530012408
2022-01-13,-0.06692496180853902,-0.07139967140932175,0.004474709600782736,-0.05184052226028444,0.22303030303030302,0.3042424242424242,0.004211073237146373,-0.015084439548254579,-0.01519595469976973
2022-02-17,-0.04543012488570331,-0.08646075804646344,0.04103063316076013,-0.05828251546808766,0.2822966507177034,0.3110047846889952,0.04073398244305678,0.012852390582384347,0.012711242257025496
2022-03-17,-0.09480137015115568,-0.06046126852402101,-0.03434010162713467,-0.05367336619228573,0.24085005903187717,0.2491145218417946,-0.03458508391757151,-0.04112800395886995,-0.04124842898838589
2022-04-18,-0.020062436872977586,-0.03436627156796437,0.014303834694986781,-0.03330877286888115,0.2368112543962485,0.24618991793669398,0.01406233410882031,0.013246335995903562,0.013127930368705439
2022-05-19,0.06442570688048092,0.07785320398618006,-0.01342749710569914,0.06369834455766275,0.2764227642276422,0.2703016241299304,-0.013700859299877927,0.0007273623228181703,0.0005891509407043491
2022-06-17,0.014060055373547979,-0.0005355122647425101,0.014595567638290488,0.015306260024637577,0.27376861397479957,0.2943871706758304,0.014311489745965173,-0.001246204651089598,-0.0013830889580769977
2022-07-15,0.03762201614665284,0.052183162045587574,-0.014561145898934737,0.04403064380501573,0.23401826484018262,0.22805017103762826,-0.014792180116873643,-0.006408627658362892,-0.006525636790782983
2022-08-12,-0.039267164944072445,-0.05712195853103379,0.01785479358696134,-0.035338491877420775,0.27990970654627545,0.2979683972911964,0.017565854535042606,-0.003928673066651671,-0.004068627919924808
2022-09-09,-0.049353444007237575,-0.05150310880040196,0.002149664793164384,-0.050569209608005906,0.24272930648769575,0.3098434004474273,0.0018733784396968223,0.0012157656007683315,0.0010944009475244837
2022-10-17,0.03250772883005155,0.05678149310993425,-0.024273764279882704,0.04470127282512757,0.26,0.31333333333333335,-0.02456043094654937,-0.012193543995076023,-0.012323543995076023
2022-11-14,-0.021104513788230042,-0.010629890954861592,-0.01047462283336845,-0.00516962234881478,0.24669603524229078,0.2761276127612762,-0.010736034657370233,-0.01593489143941526,-0.016058239457036407
2022-12-12,-0.012965134194981846,-0.028784681663309285,0.01581954746832744,-0.025249562948204782,0.22489082969432317,0.2587336244541485,0.015577735241253204,0.012284428753222935,0.012171983338375774
2023-01-10,0.07053881299762967,0.1125380253108907,-0.041999212313261036,0.09073611821272734,0.25271149674620386,0.2513542795232936,-0.04225124520139578,-0.020197305215097675,-0.020323660963470776
2023-02-14,-0.05297366884562059,-0.044577872611980034,-0.008395796233640555,-0.03486504512608714,0.2548387096774194,0.2986036519871106,-0.00867251741447282,-0.01810862371953345,-0.01823604307437216
2023-03-14,-0.016596350004965992,0.005412663955003098,-0.02200901395996909,0.003568645260810756,0.23560767590618337,0.275825346112886,-0.022264730470978628,-0.02016499526577675,-0.02028279910372984
2023-04-12,-0.049795924624883435,-0.06367419004526942,0.013878265420385984,-0.04505788125908243,0.2576882290562036,0.29904559915164364,0.01359989850628206,-0.004738043365801005,-0.004866887480329107
2023-05-15,0.03233400416428463,0.0019173515780996225,0.030416652586185006,0.01866270478167337,0.31506849315068497,0.3898840885142255,0.03006417629535255,0.013671299382611257,0.013513765136035914
2023-06-12,-0.0026949210127795624,0.021589130147682715,-0.024284051160462276,0.01490595203793983,0.31870428422152564,0.3396029258098223,-0.02461320476547795,-0.017600873050719393,-0.017760225192830156
2023-07-12,-0.056239616006392726,-0.0063565972895575865,-0.04988301871683514,-0.016376437492165448,0.23450413223140498,0.2448347107438017,-0.05012268813832275,-0.03986317851422728,-0.03998043058034298
2023-08-09,-0.022745165222847755,-0.05345607374187752,0.030710908519029762,-0.02994068127222068,0.22517911975435,0.25179119754350054,0.030472423360380838,0.007195516049372925,0.00708292648949575
2023-09-06,-0.012298065237266544,-0.002915245229079008,-0.009382820008187536,-0.008112632875373695,0.25127161749745675,0.27540650406504064,-0.009646159068968785,-0.004185432361892848,-0.004311068170641577
2023-10-12,0.008991415937940067,0.014430532636459976,-0.005439116698519909,0.01660035732715711,0.23559150657229522,0.22424242424242424,-0.0056690336639272695,-0.007608941389217043,-0.007726737142503191
2023-11-09,0.011377517391166122,0.020192196587557894,-0.008814679196391772,0.00761351518068216,0.2361809045226131,0.22914572864321603,-0.009047342512974687,0.0037640022104839625,0.003645911758222656
2023-12-07,-0.05513485177064796,-0.048233990365315484,-0.006900861405332477,-0.04098191927917755,0.23747494989979956,0.22244488977955912,-0.007130821325172156,-0.014152932491470413,-0.014271669966420313
2024-01-05,-0.32575826680236,-0.3254991515233695,-0.0002591152789904738,-0.3136634253951006,0.2639442231075697,0.2689243027888446,-0.0005255495419386809,-0.01209484140725936,-0.012226813518813145
2024-02-02,0.24484350555370288,0.24810474312010647,-0.003261237566403591,0.231201500661605,0.23465346534653464,0.20079129574678534,-0.003478959946950251,0.013642004892097881,0.013524678159424614
2024-03-11,-0.03241501823751518,-0.039008883197445915,0.006593864959930737,-0.01920044332121646,0.26725838264299806,0.22758620689655173,0.006346442665160962,-0.013214574916298717,-0.013348204107620215
2024-04-10,0.004368040538871813,-0.009202902181976277,0.013570942720848089,0.005241167444025058,0.21135029354207435,0.2465753424657534,0.013341979902844175,-0.000873126905153245,-0.0009788020519242821
2024-05-13,-0.06447787182949292,-0.06924779126826197,0.004769919438769046,-0.07035311474738942,0.2502434274586174,0.29182879377431903,0.004498883328152578,0.005875242917896498,0.005750121204167189
2024-06-11,-0.06785593590683484,-0.10333732117647591,0.03548138526964108,-0.07910088577448914,0.2543520309477756,0.28820116054158607,0.035210108673896394,0.0112449498676543,0.011117773852180412
2024-07-09,-0.01616908299700552,0.046681895499199856,-0.06285097849620538,0.01894131812619631,0.2088546679499519,0.24711538461538463,-0.06307896352248805,-0.03511040112320183,-0.03521482845717681
2024-08-06,-0.03893477816146326,-0.03879615777409064,-0.00013862038737262605,-0.03715791931128229,0.18234165067178498,0.23106423777564722,-0.00034532333159634215,-0.0017768588501809734,-0.001868029675516866
2024-09-03,0.16902587599739213,0.1843924843457785,-0.015366608348386379,0.16516753936806813,0.18181818181818177,0.19808612440191387,-0.015556560501496427,0.0038583366293239996,0.003767427538414909
2024-10-10,0.2248829108327472,0.19943655969177845,0.025446351140968743,0.18215030732420712,0.19024856596558315,0.21319311663479923,0.02524463029966855,0.04273260350854008,0.04263747922555729
2024-11-07,-0.006224326656849236,0.037368695028443664,-0.0435930216852929,0.02067564924773998,0.23187022900763354,0.29293893129770987,-0.04385542626544557,-0.026899975904589216,-0.027015911019093033
2024-12-05,-0.166425267618544,-0.172055600584833,0.005630332966288981,-0.1511469993293879,0.26070409134157946,0.2921027592768791,0.005353929540979752,-0.0152782682891561,-0.01540862033482689
2025-01-03,0.1227775249659197,0.11893778690763693,0.0038397380582827767,0.10312376377540462,0.22148288973384034,0.25570342205323193,0.0036011449023892407,0.01965376119051508,0.019543019745648163
2025-02-10,0.05442566486864554,0.0688260379496412,-0.014400373080995663,0.05392784751607637,0.2502369668246446,0.2739336492890996,-0.014662458389052535,0.0004978173525691729,0.0003726988691568506
2025-03-10,-0.17521409680381592,-0.14154553189343752,-0.033668564910378396,-0.13635772976636643,0.31558935361216733,0.3802281368821293,-0.034016473655625545,-0.03885636703744949,-0.03901416171425558
