date,n,r_q5,r_q1,r_uni,tov_q5,tov_q1,ls_gross,ls_net,q5_excess,year
20180130,2859,-0.0033008813634872,-0.0380126357271533,-0.0270228201696698,1.0,1.0,0.034711754363666,0.033711754363666,0.0232219388061825,2018
20180306,2874,0.0437982393112451,0.0173329928345432,0.0216645029475457,0.7880910683012259,0.7127845884413311,0.0264652464767018,0.0257148086483306,0.0217396908295487,2018
20180403,2901,-0.0019069019635335,-0.0108971614194581,-0.0010071754377882,0.8066202090592335,0.7491289198606272,0.0089902594559245,0.0082123848914646,-0.0013030366302749,2018
20180507,2917,-0.0369238211868883,-0.0404996678225461,-0.0338354588391816,0.7810344827586206,0.7293103448275862,0.0035758466356578,0.0028206742218647,-0.0034788795890859,2018
20180604,2952,-0.1261864877318681,-0.1368774625747788,-0.1258638365350982,0.7444253859348199,0.7066895368782161,0.0106909748429107,0.0099654173815041,-0.0006948638897372,2018
20180703,2990,0.0081558192308102,-0.0270649200577597,0.0031952189032086,0.752542372881356,0.6576271186440679,0.0352207392885699,0.0345156545428072,0.0045843291411609,2018
20180731,3036,-0.0460376918153377,-0.0474814993832846,-0.0390152044579082,0.7709030100334449,0.6956521739130435,0.0014438075679469,0.0007105299759736,-0.0074079388624462,2018
20180828,3067,-0.0445252320659164,-0.0507613765795202,-0.0420725655326385,0.7034596375617792,0.7051070840197693,0.0062361445136037,0.005531861152813,-0.0028043963520587,2018
20180926,3090,-0.0707213542028843,-0.0964148161569781,-0.077678862172963,0.7406199021207178,0.7063621533442088,0.0256934619540938,0.0249699709263614,0.0065871980190183,2018
20181031,3109,0.059332859536964,0.0130642649399261,0.0413163371598322,0.7702265372168284,0.7540453074433657,0.0462685945970379,0.0455064586747078,0.0176314091085234,2018
20181128,3147,-0.0300684128634014,-0.0421059472462635,-0.0326927750029242,0.784219001610306,0.7809983896940419,0.0120375343828621,0.0112549256872099,0.0022322526387177,2018
20181226,3158,0.0481279185307479,0.0159922377997606,0.036232770180905,0.7901430842607313,0.7440381558028617,0.0321356807309873,0.0313685901109555,0.0115000768077125,2018
20190125,3169,0.1958142407906414,0.1966080563750291,0.1874287924741284,0.7670364500792393,0.7274167987321711,-0.0007938155843877,-0.0015410422087934,0.0080019300914734,2019
20190301,3185,0.1230901113345796,0.1140494457627146,0.1178469148726141,0.7424960505529226,0.7187993680884677,0.009040665571865,0.0083100178625443,0.004871948436689,2019
20190329,3179,-0.0716554889836428,-0.097826457922984,-0.0711473071219735,0.8021978021978022,0.7205651491365777,0.0261709689393411,0.025409587463674,-0.0009092807627682,2019
20190429,3194,-0.0395798727934642,-0.056474693714811,-0.0436653408541381,0.8015748031496063,0.7244094488188977,0.0168948209213467,0.0161318287953625,0.0036846806590991,2019
20190530,3211,0.0408657361750445,0.0150696687655229,0.0360716763157522,0.7648902821316614,0.677115987460815,0.0257960674095215,0.0250750642747253,0.0044116147182264,2019
20190628,3226,-0.0392627135514177,-0.0548304125260813,-0.0396660707504064,0.7383177570093458,0.6947040498442367,0.0155676989746635,0.0148511880712367,3.419832048401377e-05,2019
20190726,3235,-0.0031545834932042,-0.0162894273970374,-0.0137066493508943,0.7875968992248061,0.8,0.0131348439038331,0.0123410454542207,0.0101582674080776,2019
20190823,3272,0.0788267906953229,0.0678582464546068,0.069885924202956,0.7604327666151468,0.7187017001545595,0.0109685442407161,0.0102289770073312,0.0085606501090593,2019
20190923,3287,-0.0314133788845254,-0.0434933663775353,-0.028921730655059,0.7584097859327217,0.7125382262996942,0.0120799874930098,0.0113445134868936,-0.0028708531224327,2019
20191028,3294,-0.045348436855582,-0.0453502656074724,-0.0415941253968955,0.771689497716895,0.730593607305936,1.8287518903231657e-06,-0.000749312800621,-0.004140156207545,2019
20191125,3317,0.0704864389284792,0.0765820632514609,0.0638976146645387,0.7310030395136777,0.6975683890577508,-0.0060956243229817,-0.0068099100372674,0.0062233227441836,2019
20191223,3344,0.0662395797742658,0.0575602743721621,0.0628566720118782,0.7420814479638009,0.6319758672699849,0.0086793054021036,0.0079922767444867,0.0030118670384056,2019
20200121,3369,0.0231984856215207,0.0513010698739118,0.0222595470591196,0.7290419161676647,0.6796407185628742,-0.0281025842523911,-0.0288069255697563,0.0005744176043173,2020
20200226,3394,-0.0704464598697259,-0.0966700829816399,-0.0694328273831151,0.7518573551263001,0.6760772659732541,0.026223623111914,0.0255096558013642,-0.0013895611641739,2020
20200325,3409,0.0297708138103133,-0.0002805660633074,0.0086272275818241,0.7625368731563422,0.7890855457227138,0.0300513798736208,0.0292755686641813,0.020762317791911,2020
20200423,3420,0.0175963635993681,0.0002766393520889,0.0151330724718642,0.7298091042584435,0.7254038179148311,0.0173197242472792,0.0165921177861925,0.0020983865753746,2020
20200526,3435,0.0740678377443968,0.0704994355059756,0.0673838688766002,0.7441520467836258,0.7002923976608186,0.0035684022384212,0.002846180016199,0.0063118928444048,2020
20200623,3459,0.0921395154343983,0.0790560939759865,0.0925908730683326,0.75254730713246,0.6826783114992723,0.0130834214584117,0.0123658086490958,-0.0008276312875005,2020
20200723,3482,0.0713042747793542,0.0660483923091757,0.0740997171628295,0.7655571635311144,0.6859623733719247,0.0052558824701785,0.004530122701727,-0.0031782209652408,2020
20200820,3525,-0.0066607997379881,-0.0307897957176337,-0.012531440832086,0.7600574712643678,0.7528735632183908,0.0241289959796455,0.0233725304624042,0.0054906123584657,2020
20200917,3585,-0.0389662083755685,0.0093061247371168,-0.0253395586534262,0.7574468085106383,0.7702127659574468,-0.0482723331126853,-0.0490361628999193,-0.0140053731263976,2020
20201023,3642,0.0328437430321445,-0.0073355502384688,0.0240501938635871,0.7168758716875872,0.6150627615062761,0.0401792932706133,0.0395133239540163,0.0084351112327135,2020
20201120,3684,-0.0343298110405444,-0.0356829285807775,-0.0346512842241017,0.7321428571428572,0.7266483516483517,0.0013531175402331,0.0006237219358375,-4.459824501405524e-05,2020
20201218,3712,-0.0388177162529313,-0.0387559443550396,-0.040487769068481,0.7119565217391304,0.7404891304347826,-6.17718978917492e-05,-0.0007879947239787,0.0013140745546801,2020
20210118,3742,-0.005362647917497,-0.0110122878805797,-0.0055447084212797,0.7102425876010782,0.6644204851752021,0.0056496399630826,0.0049623084266945,-0.0001730607900178,2021
20210222,3783,-0.0041688353176211,-0.0036939323554927,0.0059531632442301,0.7647058823529411,0.786096256684492,-0.0004749029621284,-0.0012503040316471,-0.0105043515030277,2021
20210322,3820,0.0406049871813292,0.0113730450247161,0.0250932297963842,0.7089947089947091,0.6944444444444444,0.0292319421566131,0.0285302225798935,0.0151572600304476,2021
20210420,3851,0.0086496306293523,0.0091767012310458,0.0063686051424272,0.7657068062827225,0.6950261780104712,-0.0005270706016935,-0.0012574370938401,0.0018981720837837,2021
20210521,3902,0.067984656738481,0.0620206613336792,0.0566817587881938,0.7376623376623377,0.6883116883116883,0.0059639954048017,0.0052510083918147,0.010934066781456,2021
20210621,3940,0.0132582652748513,0.016158828861399,0.0126121878389681,0.7602564102564102,0.7089743589743589,-0.0029005635865477,-0.0036351789711631,0.0002659492307549,2021
20210719,3989,0.0206219563509485,-0.0035306190683112,0.0088420860521311,0.7474619289340101,0.700507614213198,0.0241525754192598,0.0234285906476862,0.0114061393343504,2021
20210816,4041,0.0634386206613289,0.0395631198185797,0.0597606091494969,0.7452948557089084,0.7051442910915935,0.0238755008427491,0.0231502812693488,0.0033053640839775,2021
20210913,4088,-0.0391026382914002,-0.0628431611609697,-0.0470025927328059,0.7277227722772277,0.7326732673267327,0.0237405228695694,0.0230103248497674,0.007536093055267,2021
20211020,4118,0.0506152483798761,0.0388224275077536,0.0410980554706598,0.7637698898408812,0.7392900856793145,0.0117928208721225,0.0110412908843624,0.0091353079642958,2021
20211117,4155,0.0694367061039897,0.0324292587113896,0.0542245104972202,0.7436208991494533,0.701093560145808,0.0370074473926001,0.0362850901629525,0.0148403851571947,2021
20211215,4190,-0.0058146898601684,-0.0363204186013883,-0.002256547480518,0.7990373044524669,0.7653429602888087,0.0305057287412198,0.0297235386088492,-0.0039576610318766,2021
20220113,4222,-0.0617231957606203,-0.0564194461356591,-0.0474171464090269,0.7553699284009546,0.7744630071599046,-0.0053037496249611,-0.0060686660927415,-0.0146837343157938,2022
20220217,4261,-0.0546021838427879,-0.0433252915681838,-0.0527105402810744,0.759478672985782,0.7334123222748815,-0.0112768922746041,-0.0120233377722344,-0.0022713828982063,2022
20220317,4287,-0.0627433516021396,-0.0807437073158766,-0.0495417907376078,0.7018779342723005,0.6737089201877935,0.0180003557137369,0.0173125622865069,-0.0135524998316679,2022
20220418,4304,-0.0025109847214642,-0.0424252258476474,-0.0242082377780989,0.705950991831972,0.6872812135355892,0.0399142411261831,0.0392176250234994,0.0213442775607186,2022
20220519,4337,0.0800110719189658,0.065888119673562,0.074713306014491,0.7569767441860465,0.7104651162790698,0.0141229522454038,0.0133892313151712,0.0049192775323818,2022
20220617,4364,0.0379785171663673,0.018462891267229,0.0231654762056976,0.7612456747404844,0.7058823529411764,0.0195156258991382,0.0187820618852973,0.0144324181232993,2022
20220715,4383,0.0738522894323272,0.0381289040320811,0.0487298565832758,0.7534403669724771,0.7155963302752293,0.035723385400246,0.0349888670516222,0.0247457126655651,2022
20220812,4409,-0.036495423011979,-0.0581908079528787,-0.0333522236751295,0.7922374429223744,0.7111872146118721,0.0216953849408996,0.0209436726121325,-0.0035393180583107,2022
20220909,4446,-0.0390904801454266,-0.0545596179591637,-0.0460611261673058,0.8036322360953462,0.7287173666288309,0.0154691378137371,0.014702963012375,0.0065688299038315,2022
20221017,4480,0.0542423268155663,0.0339966952144212,0.0502482035069099,0.7604049493813273,0.6996625421822272,0.0202456316011451,0.0195155978553633,0.0036139208339657,2022
20221114,4520,-0.0112506122665365,-0.0178698666933922,-0.0047931833823577,0.7354910714285714,0.7020089285714286,0.0066192544268557,0.0059005044268557,-0.006825174419893,2022
20221212,4547,-0.0161035800264116,-0.0311805424281238,-0.0213059687076577,0.7201327433628318,0.6714601769911505,0.0150769624017121,0.0143811659415351,0.0048423223095646,2022
20230110,4569,0.1164707410585683,0.0636396231424403,0.100378662035418,0.7403740374037404,0.6875687568756876,0.052831117916128,0.0521171465189883,0.0157218920044484,2023
20230214,4585,-0.039806961974489,-0.0457823818790515,-0.031600337867144,0.7907995618838992,0.7656078860898138,0.0059754199045625,0.0051972161805756,-0.0086020238882869,2023
20230314,4605,0.0058376674230623,0.0244272633588775,0.0106113928470474,0.7448200654307524,0.7470010905125408,-0.0185895959358152,-0.0193355065137868,-0.0051461354567004,2023
20230412,4621,-0.0511081245861579,-0.0667807011146976,-0.040859038696052,0.7100977198697068,0.6731813246471228,0.0156725765285397,0.0149809370062812,-0.0106041347500407,2023
20230515,4644,0.0375863282153277,0.0318123862246536,0.0257190703664522,0.7575757575757576,0.7002164502164503,0.005773941990674,0.0050450458867779,0.0114884699700876,2023
20230612,4669,0.0245503499302383,0.0018539923886766,0.0181962155571122,0.7446120689655172,0.6842672413793103,0.0226963575415617,0.0219819178863892,0.0059818283386433,2023
20230712,4697,-0.0200965233524948,-0.0504230350567253,-0.0153069856973129,0.7695605573419078,0.6752411575562701,0.0303265117042305,0.0296041108467814,-0.0051743179338528,2023
20230809,4733,-0.0208492195419279,-0.0383432574687082,-0.0290746604120301,0.7561235356762513,0.751863684771033,0.0174940379267802,0.0167400443165566,0.007847379102264,2023
20230906,4760,-0.0087558356523078,-0.008967217356648,-0.005572363568217,0.7346723044397463,0.6553911205073996,0.0002113817043402,-0.0004836500081333,-0.0035508082363106,2023
20231012,4778,0.0282491762249731,0.0135955385079402,0.0172661182726749,0.7373949579831933,0.6638655462184874,0.0146536377170329,0.013953007464932,0.0106143604733065,2023
20231109,4791,-0.008037923587093,-0.0178628875235376,-0.0100641941754715,0.713089005235602,0.6335078534031413,0.0098249639364445,0.0091516655071252,0.0016697260857606,2023
20231207,4801,-0.0535226110408614,-0.0536243364402997,-0.0424080892882404,0.7505219206680585,0.6858037578288101,0.0001017253994383,-0.0006164374398101,-0.0114897827129549,2023
20240105,4810,-0.291253216136352,-0.2479746191747133,-0.251836066650113,0.7322916666666667,0.7010416666666667,-0.0432785969616387,-0.0439952636283053,-0.0397832953195723,2024
20240202,4823,0.30062151222151,0.2288271107213056,0.2681582860905612,0.6891891891891893,0.6808731808731809,0.0717944015002044,0.0711093703151732,0.0321186315363542,2024
20240311,4832,-0.0106649169187379,-0.0325756981145273,-0.0138344917064754,0.7188796680497925,0.720954356846473,0.0219107811957893,0.0211908641833412,0.0028101349537126,2024
20240410,4841,0.0153795783225677,-0.0031187012817716,0.0153322680605873,0.7474120082815735,0.7173913043478262,0.0184982796043394,0.0177658779480247,-0.0003263957421604,2024
20240513,4844,-0.0705900073670459,-0.0662097994689194,-0.0617695993888608,0.743801652892562,0.7045454545454546,-0.0043802078981265,-0.0051043814518455,-0.0091923088046314,2024
20240611,4845,-0.0807862397824504,-0.0852933207838356,-0.0756879432408435,0.6838842975206612,0.6942148760330579,0.0045070810013851,0.0038180314146083,-0.0054402386903672,2024
20240709,4852,0.0278612450863323,-0.0077809907974285,0.0166128698761964,0.6976264189886481,0.6553147574819401,0.0356422358837608,0.0349657652955255,0.0108995620006415,2024
20240806,4858,-0.0252684953395089,-0.0549228450697943,-0.0350320444316711,0.7257731958762886,0.6896907216494845,0.0296543497302853,0.0289466177715224,0.0094006624942239,2024
20240903,4862,0.1659827269060022,0.155949591894799,0.1612845691054608,0.7363542739443872,0.6992790937178166,0.0100331350112031,0.009315318327372,0.0043299806635691,2024
20241010,4864,0.1780571893463136,0.2030090154148418,0.1733374214356882,0.7232510288065843,0.6707818930041152,-0.0249518260685282,-0.0256488425294335,0.004358142396222,2024
20241107,4869,0.0237034392444045,-0.0021815355084678,0.0207862207956669,0.7150205761316872,0.6244855967078189,0.0258849747528724,0.0252152216664526,0.0025597081606717,2024
20241205,4881,-0.1294205478458826,-0.1574260606116843,-0.1258142151841149,0.7276464542651593,0.6916752312435765,0.0280055127658016,0.0272958519230472,-0.0039701558889003,2024
20250103,4882,0.1475677616866361,0.103823844620953,0.1089171860000402,0.7581967213114754,0.7459016393442623,0.0437439170656831,0.0429918678853553,0.0382714773259402,2025
20250210,4897,0.0552587841377972,0.0616286636548992,0.050665198065031,0.7489754098360656,0.6782786885245902,-0.006369879517102,-0.0070835065662823,0.004219098367848,2025
20250310,4898,-0.100917012542311,-0.1342699668685337,-0.0937793983830432,0.6935648621041879,0.6353421859039836,0.0333529543262226,0.0326885008022185,-0.0074843965903199,2025
20250408,4907,0.154750360835447,0.1248535213997601,0.1232511602147578,0.7671092951991828,0.7477017364657814,0.0298968394356868,0.0291394339198543,0.0311156459730895,2025
20250509,4922,0.0186653709983946,0.0317571547392401,0.0252188440374377,0.7512742099898063,0.6799184505606524,-0.0130917837408455,-0.0138073800711207,-0.006929110144038,2025
20250609,4922,0.0418660631507831,0.0357689143029242,0.0463519476865745,0.7479674796747968,0.6839430894308943,0.0060971488478589,0.0053811935633061,-0.0048598682756287,2025
20250707,4936,0.0757630914004133,0.050546055960959,0.0615630571378692,0.7276422764227642,0.6890243902439024,0.0252170354394542,0.0245087021061209,0.0138362131243327,2025
20250804,4938,0.0338188119066951,0.049369464209677,0.0461130370403263,0.7558257345491388,0.6737588652482269,-0.0155506523029818,-0.0162654446028805,-0.0126721380009057,2025
20250901,4944,0.019450555404619,0.0169341478731724,0.0161524093466336,0.7467071935157041,0.6737588652482269,0.0025164075314465,0.0018061745020645,0.0029247924612275,2025
20250929,4945,0.0224620027676045,-0.0088970838668442,0.0198162108494004,0.7580971659919028,0.7145748987854251,0.0313590866344488,0.0306227506020601,0.0022667433352081,2025
20251104,4956,-0.027673235076487,-0.0221710294812503,-0.0199163765364064,0.782608695652174,0.7613751263902933,-0.0055022055952366,-0.0062741975062578,-0.0081481628879066,2025
20251202,4958,0.0351519267528478,0.0208575265376272,0.0256932412002206,0.7325933400605449,0.6811301715438951,0.0142944002152206,0.0135875384594184,0.0090923888825969,2025
20251230,4966,0.0863557835440961,0.0655114844019773,0.073850648502542,0.7366296670030272,0.6952573158425832,0.0208442991421187,0.0201283556506959,0.0121368202080525,2025
20260129,4982,-0.0017684560941639,0.0011035307065288,0.0022900036862614,0.7834843907351461,0.6928499496475327,-0.0028719868006928,-0.0036101539708841,-0.0044502019757929,2026
20260306,4989,-0.0740242019556128,-0.0817931105581323,-0.0697214678651859,0.7620481927710844,0.6716867469879518,0.0077689086025194,0.0070520411326399,-0.0046837581868125,2026
