trade_date,Q1,Q2,Q3,Q4,Q5,MKT_EW,tov_q5,tov_q1,LS,LS_cost,LS_net,Q5_ex,Q5_ex_cost,Q5_ex_net
2018-07-11,-0.138669,,,,0.036452,-0.051109,,,0.17512,0.0,0.17512,0.08756,0.0,0.08756
2018-08-08,-0.044659,-0.054216,-0.026197,-0.061306,-0.060993,-0.049474,1.0,0.96,-0.016333,0.00098,-0.017313,-0.011519,0.0005,-0.012019
2018-09-05,-0.108884,-0.108736,-0.098523,-0.102148,-0.10444,-0.104546,0.911894,0.938416,0.004445,0.000925,0.00352,0.000107,0.000456,-0.000349
2018-10-11,0.047007,0.052089,0.056857,0.059528,0.058744,0.054845,0.021176,0.024314,0.011737,2.3e-05,0.011714,0.003899,1.1e-05,0.003888
2018-11-08,0.034008,0.036503,0.035347,0.036221,0.03863,0.036142,0.208689,0.177657,0.004622,0.000193,0.004429,0.002488,0.000104,0.002384
2018-12-06,-0.025993,-0.020957,-0.018721,-0.017529,-0.022536,-0.021147,0.010769,0.018462,0.003456,1.5e-05,0.003442,-0.001389,5e-06,-0.001395
2019-01-07,0.013998,0.01787,0.008783,0.012214,0.016359,0.013845,0.010687,0.01374,0.002361,1.2e-05,0.002348,0.002514,5e-06,0.002509
2019-02-11,0.249515,0.265998,0.2683,0.271679,0.276047,0.266308,0.010638,0.010638,0.026532,1.1e-05,0.026521,0.009739,5e-06,0.009734
2019-03-11,0.054945,0.057501,0.069091,0.063115,0.067951,0.062521,0.02047,0.018954,0.013007,2e-05,0.012987,0.005431,1e-05,0.005421
2019-04-09,-0.135139,-0.134263,-0.126593,-0.122968,-0.113083,-0.126409,0.098485,0.072727,0.022055,8.6e-05,0.02197,0.013326,4.9e-05,0.013277
2019-05-10,-0.008898,-0.010627,-0.010837,-0.007693,-0.015736,-0.010758,0.189107,0.164902,-0.006838,0.000177,-0.007015,-0.004977,9.5e-05,-0.005072
2019-06-10,0.000764,0.001881,-0.000942,0.002108,0.00134,0.00103,0.01283,0.008302,0.000577,1.1e-05,0.000566,0.00031,6e-06,0.000304
2019-07-08,-0.064155,-0.063156,-0.060469,-0.053188,-0.059075,-0.060008,0.009036,0.008277,0.005081,9e-06,0.005072,0.000934,5e-06,0.000929
2019-08-05,0.076586,0.084507,0.083801,0.077646,0.089133,0.082334,0.027027,0.018755,0.012547,2.3e-05,0.012524,0.006799,1.4e-05,0.006785
2019-09-02,-0.006683,0.007046,-0.004929,-0.007435,-0.000468,-0.002494,0.207491,0.233533,0.006215,0.000221,0.005995,0.002026,0.000104,0.001923
2019-10-08,-0.010061,-0.004183,-0.007324,-0.006444,-0.009841,-0.007571,0.009709,0.010448,0.000221,1e-05,0.000211,-0.00227,5e-06,-0.002275
2019-11-05,-0.028153,-0.014387,-0.017374,-0.014266,-0.00987,-0.01681,0.30752,0.311012,0.018284,0.000309,0.017974,0.00694,0.000154,0.006787
2019-12-03,0.090976,0.086624,0.103496,0.091395,0.092862,0.093071,0.010401,0.010386,0.001887,1e-05,0.001876,-0.000208,5e-06,-0.000214
2019-12-31,-0.044918,-0.031504,-0.038524,-0.038412,-0.046819,-0.040036,0.01037,0.005917,-0.001902,8e-06,-0.00191,-0.006784,5e-06,-0.006789
2020-02-06,0.124363,0.119193,0.128808,0.119057,0.133216,0.124928,0.007375,0.013255,0.008853,1e-05,0.008842,0.008288,4e-06,0.008285
2020-03-05,-0.097609,-0.103827,-0.104015,-0.103495,-0.100025,-0.101794,0.008811,0.011005,-0.002416,1e-05,-0.002426,0.001769,4e-06,0.001765
2020-04-02,0.034443,0.02385,0.037716,0.028552,0.03397,0.031706,0.051095,0.053246,-0.000474,5.2e-05,-0.000526,0.002263,2.6e-05,0.002238
2020-05-06,0.048331,0.031994,0.049493,0.04881,0.040662,0.043858,0.203193,0.181159,-0.007669,0.000192,-0.007861,-0.003196,0.000102,-0.003298
2020-06-03,0.102657,0.104523,0.10986,0.109661,0.109985,0.107337,0.011577,0.0094,0.007328,1e-05,0.007317,0.002648,6e-06,0.002642
2020-07-03,0.088481,0.087313,0.089198,0.093428,0.10926,0.093536,0.005047,0.012257,0.020779,9e-06,0.02077,0.015724,3e-06,0.015721
2020-07-31,0.011077,0.00479,0.00634,0.002894,0.009682,0.006957,0.02149,0.027917,-0.001395,2.5e-05,-0.00142,0.002725,1.1e-05,0.002714
2020-08-28,-0.079597,-0.074409,-0.076084,-0.07058,-0.066536,-0.073441,0.181818,0.175302,0.013061,0.000179,0.012883,0.006905,9.1e-05,0.006814
2020-09-25,0.023008,0.023214,0.035762,0.030731,0.040098,0.030562,0.131969,0.12835,0.01709,0.00013,0.01696,0.009535,6.6e-05,0.009469
2020-11-02,0.017812,0.020436,0.020886,0.026818,0.020783,0.021347,0.33193,0.307638,0.002971,0.00032,0.002651,-0.000564,0.000166,-0.00073
2020-11-30,-0.054715,-0.056962,-0.064585,-0.065275,-0.061374,-0.060582,0.008368,0.009059,-0.006659,9e-06,-0.006668,-0.000792,4e-06,-0.000796
2020-12-28,-0.023948,-0.018056,-0.023062,-0.015817,-0.017139,-0.019604,0.008333,0.013889,0.006809,1.1e-05,0.006797,0.002465,4e-06,0.002461
2021-01-26,0.031601,0.034328,0.035735,0.031442,0.04395,0.035411,0.009682,0.016598,0.012349,1.3e-05,0.012336,0.008539,5e-06,0.008534
2021-03-02,-0.008386,-0.013752,-0.01593,-0.012351,-0.007039,-0.011492,0.010295,0.017159,0.001348,1.4e-05,0.001334,0.004453,5e-06,0.004448
2021-03-30,0.003494,0.015734,0.013702,0.0186,0.019708,0.014248,0.052345,0.044188,0.016214,4.8e-05,0.016166,0.00546,2.6e-05,0.005434
2021-04-28,0.051384,0.071831,0.066191,0.073652,0.063999,0.065411,0.14554,0.129443,0.012615,0.000137,0.012477,-0.001412,7.3e-05,-0.001485
2021-05-31,0.014792,0.031048,0.028439,0.027835,0.031743,0.026771,0.107895,0.128947,0.016951,0.000118,0.016832,0.004971,5.4e-05,0.004918
2021-06-29,-0.04983,-0.031312,-0.030787,-0.030818,-0.025158,-0.033581,0.01297,0.020091,0.024672,1.7e-05,0.024655,0.008423,6e-06,0.008417
2021-07-27,0.09323,0.111385,0.107033,0.118939,0.116104,0.109338,0.011583,0.017363,0.022874,1.4e-05,0.022859,0.006766,6e-06,0.00676
2021-08-24,0.000523,0.007987,0.011029,0.026238,0.016139,0.012383,0.128827,0.110969,0.015616,0.00012,0.015497,0.003756,6.4e-05,0.003692
2021-09-23,-0.051168,-0.053957,-0.050323,-0.05453,-0.053914,-0.052778,0.226498,0.191167,-0.002746,0.000209,-0.002955,-0.001136,0.000113,-0.001249
2021-10-28,0.092789,0.097381,0.102438,0.09086,0.08494,0.093681,0.148379,0.172586,-0.007849,0.00016,-0.008009,-0.008741,7.4e-05,-0.008816
2021-11-25,0.006524,0.006638,0.020528,0.022396,0.018387,0.014895,0.238272,0.230105,0.011864,0.000234,0.011629,0.003493,0.000119,0.003373
2021-12-23,-0.011336,-0.008044,-0.012961,-0.015676,-0.007466,-0.011097,0.007951,0.025672,0.00387,1.7e-05,0.003853,0.00363,4e-06,0.003626
2022-01-21,-0.020777,-0.014257,-0.008792,-0.006648,-0.002599,-0.010614,0.012704,0.022975,0.018178,1.8e-05,0.01816,0.008016,6e-06,0.008009
2022-02-25,-0.06697,-0.062733,-0.052867,-0.055534,-0.049615,-0.057544,0.019116,0.023895,0.017356,2.2e-05,0.017334,0.007929,1e-05,0.00792
2022-03-25,-0.166081,-0.167817,-0.167278,-0.163045,-0.160437,-0.164932,0.028909,0.045991,0.005645,3.7e-05,0.005607,0.004495,1.4e-05,0.00448
2022-04-26,0.128369,0.125697,0.132784,0.124059,0.130623,0.128307,0.103851,0.125364,0.002254,0.000115,0.002139,0.002317,5.2e-05,0.002265
2022-05-27,0.112406,0.108609,0.10803,0.110084,0.105585,0.108943,0.12637,0.133295,-0.006821,0.00013,-0.006951,-0.003358,6.3e-05,-0.003421
2022-06-27,-0.009552,0.001184,0.002048,-0.001007,0.015134,0.001561,0.006297,0.010297,0.024687,8e-06,0.024679,0.013573,3e-06,0.01357
2022-07-25,0.042056,0.047544,0.050301,0.042779,0.039008,0.044338,0.01418,0.026077,-0.003048,2e-05,-0.003068,-0.005329,7e-06,-0.005337
2022-08-22,-0.084474,-0.089427,-0.084897,-0.08413,-0.080254,-0.084637,0.070185,0.103874,0.00422,8.7e-05,0.004133,0.004382,3.5e-05,0.004347
2022-09-20,0.004783,0.003422,9.5e-05,-0.004643,-0.006319,-0.000532,0.198218,0.210468,-0.011102,0.000204,-0.011307,-0.005787,9.9e-05,-0.005886
2022-10-25,0.036763,0.033947,0.036825,0.041697,0.044191,0.038685,0.022664,0.030939,0.007428,2.7e-05,0.007401,0.005506,1.1e-05,0.005495
2022-11-22,-0.031261,-0.025297,-0.025385,-0.025445,-0.020873,-0.025652,0.284615,0.253158,0.010388,0.000269,0.010119,0.004779,0.000142,0.004637
2022-12-20,0.055659,0.050705,0.052725,0.046061,0.043098,0.04965,0.012009,0.014192,-0.012562,1.3e-05,-0.012575,-0.006552,6e-06,-0.006558
2023-01-18,0.049402,0.059586,0.057441,0.070449,0.062571,0.05989,0.008677,0.013015,0.013169,1.1e-05,0.013159,0.002681,4e-06,0.002677
2023-02-22,-0.015732,-0.009001,-0.00505,-0.003406,-0.006933,-0.008024,0.007543,0.010776,0.0088,9e-06,0.008791,0.001092,4e-06,0.001088
2023-03-22,-0.038246,-0.033807,-0.031258,-0.032015,-0.038898,-0.034845,0.017131,0.031049,-0.000653,2.4e-05,-0.000677,-0.004054,9e-06,-0.004062
2023-04-20,-0.003564,0.004622,0.00826,0.008218,0.009238,0.005355,0.099415,0.076514,0.012802,8.8e-05,0.012714,0.003883,5e-05,0.003834
2023-05-23,0.00177,0.011303,0.016247,0.010959,0.00537,0.00913,0.187994,0.18,0.003601,0.000184,0.003417,-0.00376,9.4e-05,-0.003854
2023-06-20,0.007475,0.001394,0.001583,0.011732,0.018776,0.008192,0.012526,0.014614,0.011301,1.4e-05,0.011287,0.010584,6e-06,0.010577
2023-07-20,-0.026697,-0.027606,-0.028922,-0.025844,-0.01982,-0.025778,0.011911,0.008804,0.006877,1e-05,0.006867,0.005958,6e-06,0.005952
2023-08-17,-0.012691,-0.003251,0.000353,0.003222,0.004515,-0.00157,0.046739,0.041602,0.017207,4.4e-05,0.017163,0.006086,2.3e-05,0.006062
2023-09-14,-0.068762,-0.061155,-0.068012,-0.061536,-0.057927,-0.063479,0.235234,0.235234,0.010835,0.000235,0.0106,0.005552,0.000118,0.005434
2023-10-20,0.12512,0.125447,0.128019,0.131714,0.137172,0.129494,0.019727,0.012133,0.012052,1.6e-05,0.012036,0.007677,1e-05,0.007668
2023-11-17,-0.022466,-0.017932,-0.022861,-0.025845,-0.022895,-0.0224,0.288665,0.259185,-0.000429,0.000274,-0.000703,-0.000495,0.000144,-0.000639
2023-12-15,-0.035607,-0.030557,-0.03518,-0.031771,-0.029235,-0.03247,0.007511,0.012012,0.006371,1e-05,0.006361,0.003235,4e-06,0.003231
2024-01-15,-0.145006,-0.1445,-0.146749,-0.151237,-0.161918,-0.149882,0.008462,0.012935,-0.016913,1.1e-05,-0.016923,-0.012036,4e-06,-0.01204
2024-02-20,0.136908,0.148888,0.145786,0.157555,0.16565,0.150957,0.008902,0.016312,0.028742,1.3e-05,0.028729,0.014692,4e-06,0.014688
2024-03-19,-0.100231,-0.097389,-0.09562,-0.098481,-0.106673,-0.099679,0.015717,0.011788,-0.006442,1.4e-05,-0.006456,-0.006995,8e-06,-0.007002
2024-04-18,0.069511,0.084444,0.084109,0.08634,0.087981,0.082477,0.100488,0.069268,0.01847,8.5e-05,0.018385,0.005504,5e-05,0.005454
2024-05-21,-0.084902,-0.084247,-0.085695,-0.088131,-0.092049,-0.087005,0.208132,0.197483,-0.007147,0.000203,-0.00735,-0.005045,0.000104,-0.005149
2024-06-19,-0.053625,-0.050785,-0.044416,-0.042824,-0.038087,-0.045947,0.004817,0.006259,0.015538,6e-06,0.015533,0.007861,2e-06,0.007858
2024-07-17,0.004938,0.006981,0.007663,0.01439,0.015668,0.009928,0.004808,0.002403,0.01073,4e-06,0.010727,0.00574,2e-06,0.005738
2024-08-14,-0.044078,-0.042482,-0.037225,-0.040284,-0.032293,-0.039272,0.037926,0.016315,0.011785,2.7e-05,0.011757,0.006979,1.9e-05,0.00696
2024-09-11,0.331828,0.30858,0.308476,0.304025,0.322532,0.315088,0.199426,0.195985,-0.009296,0.000198,-0.009494,0.007444,0.0001,0.007344
2024-10-18,0.065773,0.057107,0.057804,0.056258,0.075217,0.062432,0.009043,0.014755,0.009444,1.2e-05,0.009432,0.012785,5e-06,0.01278
2024-11-15,0.077833,0.090349,0.093271,0.097598,0.098344,0.091479,0.230989,0.251901,0.02051,0.000241,0.020269,0.006865,0.000115,0.006749
2024-12-13,-0.09354,-0.096553,-0.09423,-0.093123,-0.101769,-0.095843,0.005226,0.005698,-0.00823,5e-06,-0.008235,-0.005926,3e-06,-0.005929
2025-01-13,0.081116,0.091415,0.082151,0.078941,0.080366,0.082798,0.007119,0.005693,-0.00075,6e-06,-0.000756,-0.002432,4e-06,-0.002435
2025-02-18,0.066213,0.067178,0.063328,0.065428,0.061701,0.064769,0.005687,0.005687,-0.004512,6e-06,-0.004518,-0.003069,3e-06,-0.003072
2025-03-18,-0.088879,-0.089917,-0.097374,-0.089748,-0.093926,-0.091969,0.013764,0.013764,-0.005047,1.4e-05,-0.005061,-0.001957,7e-06,-0.001964
