trade_date,ls,q5,q1,all,tov_q5,tov_q1,gate,cost_ls_bps,cost_q5_bps,ls_after,q5_excess,q5_excess_after
2018-01-02,0.000000,0.000000,0.000000,0.000000,0.000000,0.000000,0,0.000000,0.000000,0.000000,0.000000,0.000000
2018-01-30,0.000000,0.000000,0.000000,0.000000,0.000000,0.000000,0,0.000000,0.000000,0.000000,0.000000,0.000000
2018-03-06,0.000000,0.000000,0.000000,0.000000,0.000000,0.000000,0,0.000000,0.000000,0.000000,0.000000,0.000000
2018-04-03,0.000000,0.000000,0.000000,0.000000,0.000000,0.000000,0,0.000000,0.000000,0.000000,0.000000,0.000000
2018-05-07,0.000000,0.000000,0.000000,0.000000,0.000000,0.000000,0,0.000000,0.000000,0.000000,0.000000,0.000000
2018-06-04,0.000000,0.000000,0.000000,0.000000,0.000000,0.000000,0,0.000000,0.000000,0.000000,0.000000,0.000000
2018-07-03,0.000000,0.000000,0.000000,0.000000,0.000000,0.000000,0,0.000000,0.000000,0.000000,0.000000,0.000000
2018-07-31,0.000000,0.000000,0.000000,0.000000,0.000000,0.000000,0,0.000000,0.000000,0.000000,0.000000,0.000000
2018-08-28,0.000000,0.000000,0.000000,0.000000,0.000000,0.000000,0,0.000000,0.000000,0.000000,0.000000,0.000000
2018-09-26,0.000000,0.000000,0.000000,0.000000,0.000000,0.000000,0,0.000000,0.000000,0.000000,0.000000,0.000000
2018-10-31,0.000000,0.000000,0.000000,0.000000,0.000000,0.000000,0,0.000000,0.000000,0.000000,0.000000,0.000000
2018-11-28,0.000000,0.000000,0.000000,0.000000,0.000000,0.000000,0,0.000000,0.000000,0.000000,0.000000,0.000000
2018-12-26,0.000000,0.000000,0.000000,0.000000,0.000000,0.000000,0,0.000000,0.000000,0.000000,0.000000,0.000000
2019-01-25,0.000000,0.000000,0.000000,0.000000,0.000000,0.000000,0,0.000000,0.000000,0.000000,0.000000,0.000000
2019-03-01,0.000000,0.000000,0.000000,0.000000,0.000000,0.000000,0,0.000000,0.000000,0.000000,0.000000,0.000000
2019-03-29,0.000000,0.000000,0.000000,0.000000,0.000000,0.000000,0,0.000000,0.000000,0.000000,0.000000,0.000000
2019-04-29,0.030410,-0.042793,-0.073203,-0.052717,1.000000,1.000000,1,10.000000,5.000000,0.029410,0.009924,0.009424
2019-05-30,0.011755,0.036245,0.024489,0.032826,0.334855,0.304414,1,3.196347,1.674277,0.011436,0.003419,0.003251
2019-06-28,0.000000,0.000000,0.000000,0.000000,1.000000,1.000000,0,10.000000,5.000000,-0.001000,0.000000,-0.000500
2019-07-26,0.000000,0.000000,0.000000,0.000000,0.000000,0.000000,0,0.000000,0.000000,0.000000,0.000000,0.000000
2019-08-23,0.000000,0.000000,0.000000,0.000000,0.000000,0.000000,0,0.000000,0.000000,0.000000,0.000000,0.000000
2019-09-23,0.000000,0.000000,0.000000,0.000000,0.000000,0.000000,0,0.000000,0.000000,0.000000,0.000000,0.000000
2019-10-28,0.000000,0.000000,0.000000,0.000000,0.000000,0.000000,0,0.000000,0.000000,0.000000,0.000000,0.000000
2019-11-25,-0.008168,0.052389,0.060557,0.057029,1.000000,1.000000,1,10.000000,5.000000,-0.009168,-0.004640,-0.005140
2019-12-23,0.019108,0.060532,0.041425,0.050273,0.280832,0.255572,1,2.682021,1.404160,0.018840,0.010260,0.010119
2020-01-21,-0.002494,0.014838,0.017332,0.013643,0.278519,0.287407,1,2.829630,1.392593,-0.002777,0.001194,0.001055
2020-02-26,0.016539,-0.079168,-0.095707,-0.075466,0.283186,0.297935,1,2.905605,1.415929,0.016249,-0.003702,-0.003843
2020-03-25,0.040868,0.020852,-0.020016,0.001861,0.298969,0.319588,1,3.092784,1.494845,0.040559,0.018991,0.018841
2020-04-23,0.068036,0.026588,-0.041448,0.002678,0.336270,0.337243,1,3.367568,1.681351,0.067700,0.023910,0.023742
2020-05-26,0.049926,0.088170,0.038245,0.057080,0.336245,0.403202,1,3.697234,1.681223,0.049556,0.031090,0.030922
2020-06-23,-0.001840,0.076825,0.078665,0.083029,0.362319,0.365217,1,3.637681,1.811594,-0.002204,-0.006204,-0.006385
2020-07-23,-0.010231,0.059625,0.069856,0.067744,0.283237,0.297688,1,2.904624,1.416185,-0.010521,-0.008118,-0.008260
2020-08-20,-0.026650,-0.032898,-0.006247,-0.016786,0.290647,0.312230,1,3.014388,1.453237,-0.026952,-0.016112,-0.016257
2020-09-17,-0.010783,-0.034798,-0.024016,-0.027713,0.305278,0.324786,1,3.150322,1.526391,-0.011098,-0.007086,-0.007238
2020-10-23,0.000000,0.000000,0.000000,0.000000,1.000000,1.000000,0,10.000000,5.000000,-0.001000,0.000000,-0.000500
2020-11-20,0.000000,0.000000,0.000000,0.000000,0.000000,0.000000,0,0.000000,0.000000,0.000000,0.000000,0.000000
2020-12-18,0.000000,0.000000,0.000000,0.000000,0.000000,0.000000,0,0.000000,0.000000,0.000000,0.000000,0.000000
2021-01-18,-0.000819,-0.018104,-0.017285,-0.011671,1.000000,1.000000,1,10.000000,5.000000,-0.001819,-0.006433,-0.006933
2021-02-22,0.000000,0.000000,0.000000,0.000000,1.000000,1.000000,0,10.000000,5.000000,-0.001000,0.000000,-0.000500
2021-03-22,0.000000,0.000000,0.000000,0.000000,0.000000,0.000000,0,0.000000,0.000000,0.000000,0.000000,0.000000
2021-04-20,0.000000,0.000000,0.000000,0.000000,0.000000,0.000000,0,0.000000,0.000000,0.000000,0.000000,0.000000
2021-05-21,-0.000748,0.059832,0.060579,0.050719,1.000000,1.000000,1,10.000000,5.000000,-0.001748,0.009112,0.008612
2021-06-21,0.031419,0.025905,-0.005513,0.012799,0.319035,0.309237,1,3.141359,1.595174,0.031104,0.013106,0.012947
2021-07-19,0.005134,0.007366,0.002232,0.004642,0.307895,0.331579,1,3.197368,1.539474,0.004814,0.002724,0.002570
2021-08-16,0.020473,0.054481,0.034009,0.057615,0.348898,0.329016,1,3.389565,1.744488,0.020134,-0.003134,-0.003308
2021-09-13,0.006794,-0.052351,-0.059145,-0.053325,0.302445,0.297297,1,2.998713,1.512227,0.006494,0.000974,0.000823
2021-10-20,0.000000,0.000000,0.000000,0.000000,1.000000,1.000000,0,10.000000,5.000000,-0.001000,0.000000,-0.000500
2021-11-17,0.004767,0.049611,0.044845,0.050108,1.000000,1.000000,1,10.000000,5.000000,0.003767,-0.000496,-0.000996
2021-12-15,0.000000,0.000000,0.000000,0.000000,1.000000,1.000000,0,10.000000,5.000000,-0.001000,0.000000,-0.000500
2022-01-13,0.038021,-0.052243,-0.090264,-0.052238,1.000000,1.000000,1,10.000000,5.000000,0.037021,-0.000005,-0.000505
2022-02-17,0.000000,0.000000,0.000000,0.000000,1.000000,1.000000,0,10.000000,5.000000,-0.001000,0.000000,-0.000500
2022-03-17,0.000000,0.000000,0.000000,0.000000,0.000000,0.000000,0,0.000000,0.000000,0.000000,0.000000,0.000000
2022-04-18,0.017395,-0.017559,-0.034954,-0.033155,1.000000,1.000000,1,10.000000,5.000000,0.016395,0.015596,0.015096
2022-05-19,0.000000,0.000000,0.000000,0.000000,1.000000,1.000000,0,10.000000,5.000000,-0.001000,0.000000,-0.000500
2022-06-17,0.029995,0.029600,-0.000394,0.016009,1.000000,1.000000,1,10.000000,5.000000,0.028995,0.013591,0.013091
2022-07-15,0.000000,0.000000,0.000000,0.000000,1.000000,1.000000,0,10.000000,5.000000,-0.001000,0.000000,-0.000500
2022-08-12,0.000000,0.000000,0.000000,0.000000,0.000000,0.000000,0,0.000000,0.000000,0.000000,0.000000,0.000000
2022-09-09,0.000000,0.000000,0.000000,0.000000,0.000000,0.000000,0,0.000000,0.000000,0.000000,0.000000,0.000000
2022-10-17,0.000000,0.000000,0.000000,0.000000,0.000000,0.000000,0,0.000000,0.000000,0.000000,0.000000,0.000000
2022-11-14,0.000000,0.000000,0.000000,0.000000,0.000000,0.000000,0,0.000000,0.000000,0.000000,0.000000,0.000000
2022-12-12,0.000000,0.000000,0.000000,0.000000,0.000000,0.000000,0,0.000000,0.000000,0.000000,0.000000,0.000000
2023-01-10,0.000000,0.000000,0.000000,0.000000,0.000000,0.000000,0,0.000000,0.000000,0.000000,0.000000,0.000000
2023-02-14,0.000000,0.000000,0.000000,0.000000,0.000000,0.000000,0,0.000000,0.000000,0.000000,0.000000,0.000000
2023-03-14,0.000000,0.000000,0.000000,0.000000,0.000000,0.000000,0,0.000000,0.000000,0.000000,0.000000,0.000000
2023-04-12,0.021268,-0.049718,-0.070986,-0.045058,1.000000,1.000000,1,10.000000,5.000000,0.020268,-0.004661,-0.005161
2023-05-15,0.001514,0.013694,0.012179,0.018663,0.386723,0.422550,1,4.046365,1.933614,0.001110,-0.004969,-0.005162
2023-06-12,0.006831,0.020129,0.013298,0.014906,0.334378,0.351097,1,3.427377,1.671891,0.006489,0.005223,0.005056
2023-07-12,-0.015257,-0.035571,-0.020315,-0.016376,0.339876,0.347107,1,3.434917,1.699380,-0.015600,-0.019195,-0.019365
2023-08-09,0.000000,0.000000,0.000000,0.000000,1.000000,1.000000,0,10.000000,5.000000,-0.001000,0.000000,-0.000500
2023-09-06,0.000000,0.000000,0.000000,0.000000,0.000000,0.000000,0,0.000000,0.000000,0.000000,0.000000,0.000000
2023-10-12,0.000000,0.000000,0.000000,0.000000,0.000000,0.000000,0,0.000000,0.000000,0.000000,0.000000,0.000000
2023-11-09,0.000000,0.000000,0.000000,0.000000,0.000000,0.000000,0,0.000000,0.000000,0.000000,0.000000,0.000000
2023-12-07,0.006596,-0.043477,-0.050073,-0.040982,1.000000,1.000000,1,10.000000,5.000000,0.005596,-0.002495,-0.002995
2024-01-05,0.024019,-0.315817,-0.339836,-0.313663,0.267928,0.249004,1,2.584661,1.339641,0.023761,-0.002153,-0.002287
2024-02-02,0.047341,0.275561,0.228220,0.231202,0.296040,0.250247,1,2.731434,1.480198,0.047067,0.044359,0.044211
2024-03-11,0.029179,-0.016024,-0.045204,-0.019200,0.301775,0.249261,1,2.755181,1.508876,0.028904,0.003176,0.003025
2024-04-10,0.006321,0.001298,-0.005023,0.005241,0.349315,0.261252,1,3.052838,1.746575,0.006015,-0.003944,-0.004118
2024-05-13,0.004312,-0.066911,-0.071222,-0.070353,0.316456,0.278210,1,2.973329,1.582278,0.004014,0.003442,0.003284
2024-06-11,0.029065,-0.073110,-0.102175,-0.079101,0.306576,0.287234,1,2.969052,1.532882,0.028768,0.005991,0.005838
2024-07-09,-0.010775,0.009146,0.019921,0.018941,0.285852,0.332692,1,3.092720,1.429259,-0.011084,-0.009795,-0.009938
2024-08-06,0.000000,0.000000,0.000000,0.000000,1.000000,1.000000,0,10.000000,5.000000,-0.001000,0.000000,-0.000500
2024-09-03,0.000000,0.000000,0.000000,0.000000,0.000000,0.000000,0,0.000000,0.000000,0.000000,0.000000,0.000000
2024-10-10,0.047438,0.248382,0.200944,0.182150,1.000000,1.000000,1,10.000000,5.000000,0.046438,0.066232,0.065732
2024-11-07,-0.005683,0.009057,0.014740,0.020676,0.254771,0.272901,1,2.638359,1.273855,-0.005947,-0.011619,-0.011746
2024-12-05,0.000000,0.000000,0.000000,0.000000,1.000000,1.000000,0,10.000000,5.000000,-0.001000,0.000000,-0.000500
2025-01-03,-0.013700,0.103403,0.117103,0.103124,1.000000,1.000000,1,10.000000,5.000000,-0.014700,0.000279,-0.000221
2025-02-10,0.000000,0.000000,0.000000,0.000000,1.000000,1.000000,0,10.000000,5.000000,-0.001000,0.000000,-0.000500
2025-03-10,0.000000,0.000000,0.000000,0.000000,0.000000,0.000000,0,0.000000,0.000000,0.000000,0.000000,0.000000
2025-04-08,0.000000,0.000000,0.000000,0.000000,0.000000,0.000000,0,0.000000,0.000000,0.000000,0.000000,0.000000
