trade_week,pnl_week
2019-04-05,0.0
2019-04-12,0.0
2019-04-19,0.0
2019-04-26,0.0
2019-05-03,0.0
2019-05-10,0.0
2019-05-17,0.0
2019-05-24,0.0
2019-05-31,0.0
2019-06-07,0.0
2019-06-14,0.0
2019-06-21,0.0
2019-06-28,0.0
2019-07-05,0.0
2019-07-12,0.0
2019-07-19,0.0
2019-07-26,0.0
2019-08-02,0.0
2019-08-09,0.0
2019-08-16,0.0
2019-08-23,0.0
2019-08-30,0.0
2019-09-06,0.0
2019-09-13,0.0
2019-09-20,0.0
2019-09-27,0.0
2019-10-04,0.0
2019-10-11,0.0
2019-10-18,0.0
2019-10-25,0.0
2019-11-01,0.0
2019-11-08,0.0
2019-11-15,0.0
2019-11-22,0.0
2019-11-29,0.0
2019-12-06,0.0
2019-12-13,0.0
2019-12-20,0.0
2019-12-27,0.0
2020-01-03,0.0
2020-01-10,0.0
2020-01-17,0.0
2020-01-24,0.0
2020-02-07,0.0
2020-02-14,0.0
2020-02-21,0.0
2020-02-28,0.0
2020-03-06,0.0
2020-03-13,0.0
2020-03-20,0.0
2020-03-27,0.0
2020-04-03,0.0
2020-04-10,-0.001
2020-04-17,0.009915604506393835
2020-04-24,7.103474867414458e-05
2020-05-01,-0.001
2020-05-08,-0.023645435540808547
2020-05-15,-0.020896041443074283
2020-05-22,0.0
2020-05-29,0.0
2020-06-05,-0.001
2020-06-12,0.008572163973765463
2020-06-19,-0.001
2020-06-26,0.029157618442256276
2020-07-03,0.015546006068885738
2020-07-10,-0.0004154735812391813
2020-07-17,0.019794253712883812
2020-07-24,-0.001
2020-07-31,0.007592915278582639
2020-08-07,-0.001
2020-08-14,-0.05333321603219823
2020-08-21,0.0
2020-08-28,0.0
2020-09-04,0.0
2020-09-11,0.0
2020-09-18,-0.001
2020-09-25,0.01064564856853915
2020-10-02,0.0
2020-10-09,0.0
2020-10-16,-0.001
2020-10-23,0.014781922609568557
2020-10-30,-0.0017329801709283666
2020-11-06,-0.001
2020-11-13,-0.014120726443188984
2020-11-20,-0.001
2020-11-27,0.0018334997348798177
2020-12-04,0.0
2020-12-11,0.0
2020-12-18,-0.001
2020-12-25,0.010460694976733962
2021-01-01,0.0068171275955468316
2021-01-08,0.02595206068902491
2021-01-15,0.0
2021-01-22,-0.001
2021-01-29,0.015411983018152654
2021-02-05,0.0
2021-02-12,0.0
2021-02-19,-0.001
2021-02-26,0.0008372310054559099
2021-03-05,0.0
2021-03-12,0.0
2021-03-19,0.0
2021-03-26,0.0
2021-04-02,0.0
2021-04-09,-0.001
2021-04-16,-0.0014544510892392816
2021-04-23,-0.001
2021-04-30,0.0367166448249968
2021-05-07,-0.03733172267119208
2021-05-14,0.02865426586993595
2021-05-21,0.0008085885824014767
2021-05-28,-0.025717918403806425
2021-06-04,-0.039250685406798415
2021-06-11,-0.02190240721156125
2021-06-18,-0.001
2021-06-25,0.011866337200856152
2021-07-02,0.028826541032427398
2021-07-09,-0.001
2021-07-16,-0.02961341289870117
2021-07-23,0.0023342426197685093
2021-07-30,0.021603746686221968
2021-08-06,0.02884642537927401
2021-08-13,-0.017726069813970315
2021-08-20,0.0
2021-08-27,-0.001
2021-09-03,0.005956368523634344
2021-09-10,-0.001
2021-09-17,0.02124055057986337
2021-09-24,-0.001
2021-10-01,0.02084036640958775
2021-10-08,0.0024408670364630615
2021-10-15,0.003519905175603591
2021-10-22,0.028627248509660863
2021-10-29,0.0
2021-11-05,-0.001
2021-11-12,0.012461928853504362
2021-11-19,-0.023909977207248273
2021-11-26,0.0
2021-12-03,0.0
2021-12-10,0.0
2021-12-17,0.0
2021-12-24,-0.001
2021-12-31,0.022887290669821467
2022-01-07,0.0
2022-01-14,-0.001
2022-01-21,-0.06689343708087798
2022-01-28,0.0
2022-02-11,0.0
2022-02-18,0.0
2022-02-25,0.0
2022-03-04,0.0
2022-03-11,0.0
2022-03-18,-0.001
2022-03-25,-0.013185929739171218
2022-04-01,-0.001
2022-04-08,-0.015151032725970461
2022-04-15,-0.05246078529794599
2022-04-22,0.0
2022-04-29,0.0
2022-05-06,0.0
2022-05-13,0.0
2022-05-20,0.0
2022-05-27,0.0
2022-06-03,-0.0010000000000000002
2022-06-10,0.04366241533435465
2022-06-17,0.0018407861765043776
2022-06-24,0.01753785225500086
2022-07-01,-0.031116270506012712
2022-07-08,0.0
2022-07-15,0.0
2022-07-22,0.0
2022-07-29,0.0
2022-08-05,-0.0010000000000000002
2022-08-12,-0.037911284903530226
2022-08-19,0.0
2022-08-26,0.0
2022-09-02,0.0
2022-09-09,-0.0010000000000000002
2022-09-16,-0.025973629819943306
2022-09-23,0.0
2022-09-30,0.0
2022-10-14,-0.0010000000000000002
2022-10-21,-0.0067946429371201385
2022-10-28,-0.00939056808482612
2022-11-04,-0.0010000000000000002
2022-11-11,-0.019749791231920107
2022-11-18,-0.050591554685676304
2022-11-25,-0.001995956881127723
2022-12-02,-0.0010000000000000002
2022-12-09,0.0006400344294368639
2022-12-16,-0.005945586972445694
2022-12-23,0.0
2022-12-30,0.0
2023-01-06,0.0
2023-01-13,-0.0010000000000000002
2023-01-20,-0.013683024426114984
2023-02-03,0.033870257253602154
2023-02-10,0.005521441647142286
2023-02-17,-0.015801937251095643
2023-02-24,0.0
2023-03-03,0.0
2023-03-10,0.0
2023-03-17,-0.0010000000000000002
2023-03-24,-0.0015178475658187652
2023-03-31,0.00821591393207773
2023-04-07,-0.0029774817984255728
2023-04-14,0.033640513301277264
2023-04-21,-0.007851420436234803
2023-04-28,-0.0010000000000000002
2023-05-05,0.014109668227597603
2023-05-12,0.0065202828854884
2023-05-19,0.0
2023-05-26,0.0
2023-06-02,-0.0010000000000000002
2023-06-09,-0.01961208565491399
2023-06-16,-0.0010000000000000002
2023-06-23,0.003444896484663394
2023-06-30,0.0
2023-07-07,0.0
2023-07-14,0.0
2023-07-21,-0.0010000000000000002
2023-07-28,0.0059560409198407705
2023-08-04,-0.01755744656161947
2023-08-11,0.020788922289736184
2023-08-18,0.0
2023-08-25,0.0
2023-09-01,-0.0010000000000000002
2023-09-08,0.0005897241612042546
2023-09-15,0.0
2023-09-22,0.0
2023-09-29,0.0
2023-10-13,0.0
2023-10-20,0.0
2023-10-27,0.0
2023-11-03,-0.0010000000000000002
2023-11-10,-0.007294588552281329
2023-11-17,0.0
2023-11-24,-0.0010000000000000002
2023-12-01,-0.01849061677420004
2023-12-08,-0.0010000000000000002
2023-12-15,-0.00924084875870373
2023-12-22,0.0
2023-12-29,0.0
2024-01-05,-0.0010000000000000002
2024-01-12,0.018990370136499627
2024-01-19,0.0
2024-01-26,-0.0010000000000000002
2024-02-02,-0.026858072674866732
2024-02-09,0.0
2024-02-23,-0.001
2024-03-01,-0.0012038617517606447
2024-03-08,0.00198838481187567
2024-03-15,-0.003166301192503225
2024-03-22,0.0011898589620673895
2024-03-29,-0.001
2024-04-05,0.020789225815225347
2024-04-12,0.025556292895863933
2024-04-19,-0.014019745269320342
2024-04-26,0.0010731130482752975
2024-05-03,0.0
2024-05-10,-0.001
2024-05-17,0.013848480522217852
2024-05-24,-0.005670320389093375
2024-05-31,0.0
2024-06-07,0.0
2024-06-14,0.0
2024-06-21,0.0
2024-06-28,0.0
2024-07-05,0.0
2024-07-12,-0.001
2024-07-19,0.018384622095417948
2024-07-26,0.0
2024-08-02,0.0
2024-08-09,-0.001
2024-08-16,-0.009570823694705105
2024-08-23,0.0
2024-08-30,0.0
2024-09-06,0.0
2024-09-13,0.0
2024-09-20,-0.001
2024-09-27,0.0007097099343010569
2024-10-04,0.011041741967583958
2024-10-11,-0.027345540223849767
2024-10-18,-0.001
2024-10-25,0.022664902732718206
2024-11-01,0.021258632329721153
2024-11-08,-0.016140693519220494
2024-11-15,-0.018153336473649057
2024-11-22,0.0
2024-11-29,0.0
2024-12-06,-0.001
2024-12-13,-0.004785062399540397
2024-12-20,-0.001
2024-12-27,2.0408832109590838e-05
2025-01-03,0.0
2025-01-10,-0.001
2025-01-17,-0.007175985564997452
2025-01-24,-0.003193652351631943
2025-01-31,-0.01865741792027882
2025-02-07,-0.001
2025-02-14,0.02041300323523728
2025-02-21,-0.0077973404328097375
2025-02-28,-0.00225182605791098
2025-03-07,-0.001
2025-03-14,0.018180838572279784
2025-03-21,-0.013520766302372865
2025-03-28,0.0
2025-04-04,-0.001
2025-04-11,0.02074231457584713
2025-04-18,0.0013621609420414655
2025-04-25,-0.0031996456373794774
2025-05-02,0.0
2025-05-09,0.0
2025-05-16,0.0
2025-05-23,0.0
2025-05-30,0.0
2025-06-06,0.0
2025-06-13,-0.001
2025-06-20,0.0006601465525853138
2025-06-27,-0.001
2025-07-04,-0.0034713349424319814
2025-07-11,0.020207793417537007
2025-07-18,-0.015008328618548814
2025-07-25,0.011446231194142556
2025-08-01,-0.015660783194788662
2025-08-08,-0.001
2025-08-15,0.007678625446202898
2025-08-22,-0.002020330830725651
2025-08-29,0.04015259284385776
2025-09-05,0.03713959710249179
2025-09-12,-0.027630712823421506
2025-09-19,0.0
2025-09-26,0.0
2025-10-03,-0.001
2025-10-10,0.014360940485624127
2025-10-17,-0.001
2025-10-24,-0.026131560040486064
2025-10-31,0.0
2025-11-07,-0.001
2025-11-14,-0.0013186169475913785
2025-11-21,-0.025289957453545
2025-11-28,0.0
2025-12-05,-0.001
2025-12-12,0.02516070043788856
2025-12-19,0.00017259089264198921
2025-12-26,-0.001
2026-01-02,-0.01612009096680523
2026-01-09,0.05202277011431865
2026-01-16,0.009903490846798962
2026-01-23,0.01625944432637669
2026-01-30,-0.030995648006476063
2026-02-06,0.008941442340056593
2026-02-13,0.0
2026-02-27,-0.001
2026-03-06,-0.004704377006875068
2026-03-13,0.004287412458855004
2026-03-20,0.0
2026-03-27,0.0
2026-04-03,0.0
2026-04-10,-0.001
2026-04-17,0.017282703186288016
2026-04-24,0.022457943294017926
