rsrs_N,rsrs_M,mom_L,lambda_s,lambda_k,w_rsrs,top_k,rebal_threshold,theta_off,theta_on,ann_ret,ann_vol,sharpe,max_dd,calmar,sortino,win_rate,n,gross_sharpe,ann_turnover,ann_capped_turnover
18,600,120,0.0,0.2,0.4,8,0.0,-0.7,0.7,0.14670585663363767,0.12201545356784177,1.2023547210113659,-0.13948438891117632,1.051772587447474,1.6944890847140401,0.5017626321974148,1702,1.9911387820945143,74.88860164512339,74.5447980346886
18,600,120,0.5,0.0,0.4,8,0.4,-0.5,1.0,0.13858206943340257,0.11533039856087836,1.2016092128585731,-0.12668023184827104,1.0939518140398317,1.6469882762616446,0.5017626321974148,1702,1.894515532230402,65.30376028202114,65.12987441541716
24,600,180,0.3,0.2,0.5,8,0.2,-0.7,0.7,0.14306635025821612,0.12069361566143468,1.1853680037189427,-0.16318819121344974,0.8766954838728845,1.5325579796167474,0.4988249118683901,1702,1.809076468708623,58.305757931844894,58.305757931844894
30,600,180,0.0,0.2,0.4,5,0.4,-1.0,0.5,0.17352015499440498,0.147719885311781,1.174656713469343,-0.20703421038008984,0.8381231037896727,1.51972836115388,0.5041128084606346,1702,1.5736246962618412,45.04512338425382,45.03254418276733
30,600,180,0.0,0.2,0.3,3,0.1,-0.7,0.7,0.16703850185317948,0.14745228400772264,1.1328308881565445,-0.16652715705211374,1.0030706391084652,1.4575757497957156,0.5076380728554641,1702,1.6412369142043255,57.33666274970623,56.99833066836663
24,600,180,0.5,0.0,0.5,5,0.4,-1.0,0.5,0.16516098210635,0.14651474533116082,1.1272652573844626,-0.24357089978340485,0.6780817505425287,1.4452269459963143,0.4994124559341951,1702,1.5782719088745207,50.30622796709753,50.30622796709754
30,600,180,0.5,0.2,0.3,5,0.4,-1.0,0.5,0.16350741760185405,0.14538547176400599,1.1246475704757086,-0.23610709265077778,0.6925137901032701,1.4453315962440094,0.5058754406580493,1702,1.5067031456078217,43.14994124559341,43.14994124559342
24,600,120,0.3,0.2,0.4,5,0.4,-0.5,1.0,0.14254729985420456,0.12777229619506542,1.1156354241030675,-0.1310466885730378,1.0877596481559089,1.4468154692095518,0.5076380728554641,1702,1.6306585338892614,53.435252643948296,53.435252643948296
24,600,180,0.3,0.2,0.4,3,0.1,-1.0,0.5,0.17626106060181956,0.15857677931069378,1.111518731607467,-0.2137529475246539,0.824601778094732,1.4519969267655741,0.4929494712103408,1702,1.6877863196407104,65.82549941245593,65.75803514929493
24,600,60,0.0,0.2,0.4,8,0.2,-0.7,0.7,0.1402952238904971,0.1262778621488477,1.1110041103255826,-0.18845822140519908,0.7444367395829976,1.4881059814527202,0.517626321974148,1702,1.744389037686917,61.685781433607524,61.685781433607524
30,600,180,0.3,0.2,0.3,3,0.4,-1.0,0.5,0.17036097919124615,0.15513698525117486,1.0981325885340807,-0.21722007291681178,0.7842782524821675,1.4741934735643487,0.5029377203290247,1702,1.5379096086694735,51.586956521739125,51.34733184345476
30,600,180,0.0,0.2,0.4,3,0.2,-0.5,1.0,0.1518569845817852,0.13890689719094967,1.0932285412223526,-0.16000352738113421,0.9490852299778139,1.4391003353361347,0.5099882491186839,1702,1.6231758633412805,57.12690951821387,56.511492518478256
30,600,60,0.3,0.0,0.3,3,0.4,-0.5,1.0,0.15108302974761267,0.1395481747789438,1.0826585871649061,-0.12190878827262408,1.239312045410101,1.5572256575306964,0.5011750881316098,1702,1.5401804166486905,50.846650998824906,50.49331136027027
24,600,120,0.0,0.0,0.4,5,0.2,-1.0,0.5,0.16298950511906019,0.15081282081318317,1.0807403789692434,-0.20210143013317083,0.8064737840383485,1.4006490028034397,0.5076380728554641,1702,1.610724472658581,59.56991774383079,59.56991774383079
30,250,180,0.0,0.0,0.3,3,0.4,-0.7,0.7,0.16025524252146472,0.1485008077361498,1.0791540124562806,-0.2015101609900265,0.7952712743323964,1.440827691790786,0.5023501762632198,1702,1.539865218255982,51.93243243243242,51.91909394991187
24,600,120,0.5,0.2,0.5,5,0.1,-0.7,0.7,0.14967436392647193,0.139082499751271,1.0761552617629317,-0.19479240015613053,0.76837886799744,1.4353386197991964,0.5070505287896592,1702,1.7043916751549,66.4202115158637,66.4202115158637
30,600,60,0.3,0.2,0.4,5,0.0,-0.5,1.0,0.14773250277005467,0.13774937907307297,1.0724730939925753,-0.16188530051488415,0.9125751522848844,1.608994756022754,0.4982373678025852,1702,1.618568063070272,58.266980023501766,57.898772873425386
18,600,180,0.3,0.2,0.4,8,0.4,-0.5,1.0,0.11636706456920076,0.10942384199078521,1.0634525570670443,-0.16107298511948842,0.7224492951619196,1.424580419359631,0.48531139835487663,1702,1.7609884143695913,63.88413631022327,63.69438675384254
24,600,120,0.0,0.0,0.3,5,0.2,-0.5,1.0,0.13560182614459282,0.12858474532608946,1.0545716430102818,-0.1286818565843264,1.0537757982667253,1.3753033149274374,0.5,1702,1.6294475066350471,59.059106933019976,59.048532002873095
30,250,180,0.5,0.2,0.5,3,0.4,-0.7,0.7,0.15461634801574275,0.14904021835287187,1.0374135902677537,-0.20586573004741304,0.751054330315847,1.4071389607856342,0.4982373678025852,1702,1.4950644609407333,52.03113983548766,52.01780135296709
24,600,120,0.3,0.0,0.4,3,0.0,-1.0,0.5,0.164236028169376,0.15889185325870236,1.0336340397639672,-0.24392527284371812,0.673304681612886,1.398529856856919,0.48296122209165687,1702,1.6610410626815473,71.97003525264394,71.92358298687427
30,600,60,0.3,0.2,0.5,5,0.0,-0.5,1.0,0.14176576239639127,0.13832377430485637,1.0248835611147291,-0.20557355882281259,0.6896108780146266,1.5333922125839876,0.49471210340775557,1702,1.5823431502535132,59.71797884841363,59.38762272278496
30,600,120,0.0,0.2,0.5,5,0.2,-0.5,1.0,0.12921896403211264,0.12610943564257482,1.0246573808985315,-0.126304190922503,1.0230774061281789,1.418605257932087,0.5035252643948296,1702,1.5429497164423918,52.35440658049354,52.00931473820798
24,600,180,0.0,0.2,0.3,3,0.0,-0.5,1.0,0.13984279231232621,0.13719787514094856,1.0192781205150623,-0.14686308173414186,0.9521984058966971,1.2680637307685447,0.4982373678025852,1702,1.6167685086323214,64.3695652173913,64.36266074090481
18,600,120,0.5,0.2,0.3,5,0.0,-0.5,1.0,0.12650019817019809,0.12433301004308325,1.0174305128329466,-0.1551489425118029,0.8153468281652944,1.3883484552141565,0.49588719153936545,1702,1.781482324812601,75.88625146886017,75.60551462591069
30,250,180,0.0,0.2,0.5,3,0.0,-1.0,0.5,0.15613104223013763,0.15783906660555463,0.9891786969338496,-0.29932071588061615,0.5216178966123093,1.3129767034766802,0.49236192714453586,1702,1.5217910335491065,61.13689776733254,61.13689776733254
30,600,180,0.0,0.0,0.4,3,0.4,-0.7,0.7,0.14826394356928496,0.15006878250871236,0.9879732552683126,-0.20958797962400078,0.7074067121371623,1.3178420666527777,0.5035252643948296,1702,1.4500519201229711,54.59753231492362,54.25920023358402
24,600,252,0.0,0.0,0.5,5,0.2,-0.7,0.7,0.13790908493345855,0.13987082561152925,0.9859746257341817,-0.27564554639465655,0.500313125814145,1.276482541636038,0.5058754406580493,1702,1.5379924755308374,59.858636897767326,59.858636897767326
30,600,60,0.0,0.0,0.4,8,0.0,-0.5,1.0,0.11527263257866083,0.11766904465798449,0.9796343032588644,-0.1600988385858405,0.7200091743129972,1.4235184568951078,0.5047003525264395,1702,1.5829596541095974,56.826380728554646,56.4908704057403
30,250,180,0.3,0.0,0.4,5,0.0,-0.7,0.7,0.13602674662557557,0.13914388504012082,0.9775977333560404,-0.21059571645171615,0.6459141188503841,1.2907513140583136,0.500587544065805,1702,1.501237316648803,55.35264394829613,55.35264394829613
24,600,180,0.3,0.2,0.4,5,0.1,-0.5,1.0,0.12651372447563825,0.12943021726546752,0.9774666777863209,-0.14926063488760544,0.8476027491836959,1.2306242047713298,0.49588719153936545,1702,1.5852668112605077,62.464512338425386,62.45487832475324
30,250,120,0.0,0.0,0.3,5,0.4,-0.7,0.7,0.135303354326882,0.13846770098033773,0.9771474023829929,-0.16679055385160269,0.8112171295220019,1.267257666357303,0.5123384253819037,1702,1.3968069295010268,45.992714453584014,45.98770332253819
24,600,60,0.3,0.0,0.3,5,0.1,-0.5,1.0,0.1349995664936796,0.13855051524216636,0.9743707286668678,-0.164911920363771,0.8186161812674959,1.3177160445894416,0.5,1702,1.5936570899073115,66.74347826086957,66.69426753874265
24,600,120,0.5,0.2,0.4,8,0.2,-1.0,0.5,0.1289843815284868,0.1329836764687347,0.9699264222012377,-0.16579336510583942,0.7779827705779755,1.2523030080313602,0.5070505287896592,1702,1.5178719146983903,56.57802585193889,56.57802585193889
24,600,252,0.5,0.2,0.3,8,0.0,-1.0,0.5,0.13000330690294026,0.13600767253337306,0.9558527433152018,-0.3289998241226807,0.39514704073052437,1.2091483704588324,0.5088131609870741,1702,1.4474921272473498,52.05951821386604,52.05951821386604
30,600,60,0.0,0.0,0.4,5,0.2,-1.0,0.5,0.14391703414997803,0.15084936468554339,0.9540446819248042,-0.27432741946141403,0.5246177521464307,1.3069486093596843,0.5023501762632198,1702,1.4573838451572023,57.17626321974147,57.1564678446416
30,250,180,0.0,0.2,0.5,8,0.4,-0.7,0.7,0.11638674698072671,0.122324674159408,0.9514576497384064,-0.1990404638339479,0.5847391266020353,1.2304442119374952,0.4970622796709753,1702,1.4017766134447227,44.386075205640424,44.386075205640424
30,600,60,0.3,0.0,0.5,8,0.4,-0.7,0.7,0.11878802955239864,0.1252716236837356,0.9482437128163548,-0.21656822650027818,0.548501649904983,1.2759596041210637,0.5135135135135135,1702,1.4214848277261893,48.34071680376028,48.18958154717979
30,250,120,0.0,0.2,0.3,8,0.4,-1.0,0.5,0.1230792536774139,0.1298980424012992,0.9475066090463492,-0.15445488557281373,0.7968621595941127,1.2143796134361577,0.5111633372502937,1702,1.3851398701889674,44.95945945945946,44.95945945945946
24,600,180,0.3,0.0,0.5,8,0.0,-0.5,1.0,0.10532021028284433,0.11178494342435258,0.9421681226158773,-0.16709701169665425,0.6302937988744004,1.2057452355575171,0.4964747356051704,1702,1.6059900488571264,60.33842538190364,60.33842538190366
18,600,120,0.3,0.2,0.4,3,0.0,-0.5,1.0,0.12247595832176494,0.13081293318249443,0.9362679617534548,-0.22302004662437447,0.5491701762938257,1.309806881218392,0.4764982373678026,1702,1.7383637012882178,82.93889541715627,82.5270542039013
30,600,120,0.3,0.0,0.4,8,0.4,-1.0,0.5,0.12419237855124954,0.13270892293786912,0.9358253823625198,-0.1539294915390199,0.8068134137880119,1.2021562407861957,0.5047003525264395,1702,1.3561437876862534,44.83061104582844,44.74480239978261
30,250,120,0.0,0.2,0.5,3,0.4,-0.7,0.7,0.1332224201641925,0.14272587535140566,0.9334146302216422,-0.1974724668304898,0.674637949798594,1.271408306136354,0.5047003525264395,1702,1.4271326988077444,54.65922444183313,54.628832270182144
30,600,180,0.0,0.0,0.4,5,0.1,-0.7,0.7,0.1295994859594991,0.13994376930534932,0.9260825730420368,-0.18221679163741367,0.7112378875454258,1.2122034889876454,0.4994124559341951,1702,1.4601844142988003,58.3903642773208,58.121127378119866
30,250,180,0.0,0.0,0.3,8,0.4,-1.0,0.5,0.12317321654983693,0.1331528160083502,0.9250515328351191,-0.22995491593388606,0.5356407191801468,1.168822418468564,0.500587544065805,1702,1.3334889582325642,42.94195064629848,42.94195064629847
30,600,180,0.5,0.2,0.4,8,0.2,-0.5,1.0,0.102496248575209,0.11088072639562686,0.9243829104212241,-0.13705486699787994,0.7478482947766786,1.228082100507759,0.5023501762632198,1702,1.4565438612310957,49.006639247943596,48.71149165544065
30,600,252,0.3,0.0,0.3,8,0.2,-1.0,0.5,0.1237028483427205,0.13428460718229304,0.921199018550148,-0.2649320664090338,0.4669228984600651,1.1550074166688094,0.5017626321974148,1702,1.3607214113825021,46.737602820211514,46.672637658102225
24,600,120,0.5,0.0,0.4,5,0.1,-1.0,0.5,0.13582040683839636,0.14773224742076205,0.9193687174578811,-0.22977312159299923,0.5911065920015536,1.2081163953695655,0.5041128084606346,1702,1.4892543697406646,63.641598119859,63.64159811985898
30,600,120,0.0,0.2,0.3,8,0.0,-0.5,1.0,0.1009914062746875,0.11092050251939334,0.9104845721108248,-0.13152104100587347,0.7678726194858617,1.2330991088392158,0.5088131609870741,1702,1.4906118774341421,53.01433607520564,52.61142989684489
24,250,180,0.0,0.0,0.4,5,0.2,-0.7,0.7,0.12307747688811266,0.13525429309001716,0.9099709449237198,-0.2833265203130686,0.43440154049862745,1.1413329130680445,0.5052878965922444,1702,1.570427514473823,69.50235017626322,69.50235017626322
30,250,180,0.5,0.0,0.5,5,0.2,-1.0,0.5,0.13153973845235023,0.14554059370561953,0.9038010296866839,-0.29450236294819077,0.44665087619514576,1.2049389191544697,0.49529964747356053,1702,1.403390908825261,54.730787309048175,54.730787309048175
18,600,120,0.5,0.2,0.4,3,0.1,-0.5,1.0,0.11866450419467212,0.13317439156573785,0.8910459646147261,-0.23675574751863537,0.5012106588260624,1.24712137900919,0.47297297297297297,1702,1.6830309606703873,83.53113983548768,83.16865232376027
24,600,120,0.5,0.0,0.4,3,0.2,-0.7,0.7,0.1332164414557755,0.1496929655167938,0.8899312068263499,-0.23514286778137727,0.5665340510333178,1.1936392163590757,0.48237367802585196,1702,1.5448078071591658,73.98119858989425,73.93474632412456
18,250,60,0.3,0.0,0.5,5,0.4,-0.7,0.7,0.12346223005394452,0.13913045994949705,0.8873846179963759,-0.26116464087154334,0.47273715784010273,1.2595907189341884,0.4964747356051704,1702,1.5458780656063638,72.4487661574618,72.42572124347238
30,600,120,0.0,0.0,0.4,8,0.0,-0.5,1.0,0.09897755373610195,0.11204067074328813,0.8834073651958324,-0.12897978456999115,0.767388114859128,1.2207762575999705,0.5023501762632198,1702,1.4636372610286328,53.66210340775559,53.240689591321974
18,600,60,0.5,0.2,0.5,5,0.0,-0.7,0.7,0.1222087573438495,0.13961959170266586,0.8752980570528061,-0.29813285854876737,0.4099137476450255,1.258867197193771,0.490599294947121,1702,1.6696809058386797,85.3325499412456,84.97074369962397
14,600,120,0.0,0.0,0.5,8,0.2,-0.5,1.0,0.10001953656884366,0.115312657975034,0.8673769066228496,-0.16266297629325,0.6148881500147133,1.193785263677179,0.4964747356051704,1702,1.8123039275876582,89.53396004700353,89.50169739449471
14,600,120,0.0,0.2,0.4,8,0.2,-0.5,1.0,0.09920720073873768,0.11498525666363146,0.862781921937613,-0.15528526911406326,0.6388706495132259,1.168388819370952,0.5058754406580493,1702,1.792885295216374,88.38648648648649,88.37273147205053
24,600,60,0.3,0.2,0.5,3,0.2,-0.7,0.7,0.1266193968161231,0.14707359531979236,0.8609254199627454,-0.25605890889106797,0.4944932295637847,1.1280878722039678,0.491186839012926,1702,1.5165826392825315,73.31492361927144,73.29314351443007
30,600,252,0.5,0.0,0.4,3,0.4,-1.0,0.5,0.1328381027604959,0.15714697171746078,0.8453112478637481,-0.37166465979436425,0.3574138655905379,1.1331229089918085,0.48531139835487663,1702,1.2776966794851392,52.61104582843713,52.35136517171562
18,250,60,0.0,0.2,0.4,3,0.4,-0.7,0.7,0.11499806932470213,0.13622119593628212,0.8442009962861641,-0.267395502975481,0.4300673274047057,1.1262617252807179,0.5023501762632198,1702,1.5447883707144316,75.63454759106932,75.55749818488836
30,600,252,0.5,0.0,0.5,3,0.1,-1.0,0.5,0.13201235621758767,0.1564232822533583,0.8439431414293408,-0.3838590034953532,0.3439084534047819,1.1200410569223678,0.49412455934195065,1702,1.3570259006249419,60.75440658049354,60.18741881947121
30,250,180,0.5,0.0,0.4,8,0.0,-1.0,0.5,0.10941670529922631,0.13049017523687614,0.8385053135272783,-0.2585569875132324,0.42318216324989705,1.0824314849874976,0.5029377203290247,1702,1.3593652967467704,52.64048178613396,52.64048178613396
30,250,120,0.3,0.0,0.3,3,0.1,-0.7,0.7,0.1228972583414849,0.14769983376908957,0.8320744526606548,-0.16860685062931113,0.7288983684991508,1.1088188414888454,0.4982373678025852,1702,1.3610920396677237,60.19917743830787,60.188919569418324
30,600,60,0.3,0.0,0.4,3,0.4,-1.0,0.5,0.12612789361829835,0.15223593073101557,0.8285027917696558,-0.25118520263189514,0.5021310662281935,1.1163819265052197,0.4970622796709753,1702,1.3252198717242114,57.59576968272621,57.57707361579906
30,600,60,0.0,0.2,0.4,8,0.2,-0.7,0.7,0.10237462245092144,0.12402912534983236,0.8254079206167667,-0.2299261611528144,0.44524999651031805,1.1165958892633507,0.5129259694477086,1702,1.376342995673289,55.300998824911865,55.13887087464748
30,250,252,0.3,0.0,0.4,8,0.4,-0.7,0.7,0.09982348254708184,0.12103218291000661,0.8247680918165833,-0.26911654344424474,0.37093030874099037,1.0120508102840418,0.5146886016451234,1702,1.2583209058805171,43.22837837837838,43.22557694790246
30,600,120,0.0,0.0,0.5,5,0.0,-0.7,0.7,0.11410494217334777,0.1389947275007074,0.8209300037856978,-0.19247890846920757,0.5928178992744136,1.097298902401001,0.4982373678025852,1702,1.3729711558152875,60.59894242068155,60.372299462062294
14,600,120,0.3,0.2,0.5,8,0.1,-0.5,1.0,0.09387724523924268,0.1149207677501846,0.8168866870373991,-0.16691394574375085,0.5624290098765302,1.126405915475987,0.49588719153936545,1702,1.8092471683918752,93.33066980023501,93.27884193033489
24,600,252,0.5,0.2,0.4,8,0.0,-0.5,1.0,0.09411209805393805,0.1154486813713716,0.8151855606838964,-0.23690660096820249,0.39725401347752964,1.0338367922724558,0.5052878965922444,1702,1.4067730905903852,56.819858989424205,56.819858989424205
30,600,252,0.5,0.2,0.3,3,0.4,-1.0,0.5,0.1273472492426413,0.15667200356444752,0.8128270931970089,-0.33270102634678034,0.38276782804362297,1.0721555509238667,0.4894242068155112,1702,1.2237462061402269,50.390129259694476,50.14478926052291
30,600,120,0.5,0.2,0.3,5,0.0,-0.7,0.7,0.10735695607241147,0.13231625187706997,0.8113663631596273,-0.14854127994668564,0.7227415578413218,1.0916884999469563,0.5029377203290247,1702,1.3616518739020338,58.3780258519389,58.05073031183902
24,250,60,0.0,0.0,0.5,8,0.4,-0.5,1.0,0.09326571601911948,0.11518734441521095,0.8096871795475075,-0.23130191026392066,0.4032206907098225,1.0613401684975106,0.5135135135135135,1702,1.4351994649861222,60.05940070505288,60.05940070505288
24,250,180,0.5,0.0,0.4,5,0.4,-1.0,0.5,0.11632500918127109,0.1438146946435014,0.8088534309350389,-0.33744974014395057,0.3447180286215326,1.0219538198892129,0.5,1702,1.31499553401344,57.71668625146887,57.69647730764983
14,600,252,0.5,0.2,0.3,5,0.4,-0.5,1.0,0.09889164365767611,0.12254571975322003,0.8069775415805791,-0.20892131216263243,0.473343971632224,1.03906121664448,0.49471210340775557,1702,1.5726670975916222,79.6075205640423,79.56489993988838
24,600,252,0.3,0.2,0.5,3,0.4,-0.5,1.0,0.11140826421953287,0.1381354783686901,0.8065144851649114,-0.2703092704172766,0.4121511039837881,1.0543580672562105,0.49529964747356053,1702,1.3146660910675498,57.53407755581669,57.5184660060282
30,600,120,0.3,0.2,0.3,3,0.1,-0.5,1.0,0.10664316099397309,0.13280613488087648,0.8029987552128456,-0.19484491545130633,0.547323294256679,1.1039731786870373,0.4900117508813161,1702,1.344843300832542,58.08930669800235,57.59708229784371
30,250,60,0.3,0.2,0.5,3,0.1,-0.7,0.7,0.11889621576047538,0.14806640828952186,0.8029925027153457,-0.252508468362737,0.47086031027552283,1.0829352787526152,0.5,1702,1.3706961374723596,63.93772032902467,63.8911054926557
30,250,120,0.3,0.2,0.5,3,0.4,-1.0,0.5,0.1225963562399417,0.15283136040518686,0.8021675388802008,-0.2289204413871655,0.5355413238636849,1.0544623620120928,0.5023501762632198,1702,1.2787259726397122,56.349588719153935,56.29451969673914
30,600,252,0.5,0.2,0.3,5,0.0,-0.5,1.0,0.1022583429452042,0.12908189605335138,0.7921974039096805,-0.18772620395673645,0.5447206665339632,1.0151651488162599,0.49764982373678024,1702,1.283667250425428,52.206345475910695,51.612815404142175
30,250,252,0.3,0.0,0.3,3,0.0,-0.7,0.7,0.11419870517172837,0.14429467225898288,0.7914270387389101,-0.27420796109012435,0.41646750414439826,1.0230314254258643,0.49471210340775557,1702,1.275979962780263,54.60987074030551,54.59157051720916
14,600,180,0.5,0.2,0.4,5,0.1,-0.5,1.0,0.09768476262719417,0.12383399464000021,0.7888364007894206,-0.20130085131581432,0.4852675087495767,1.0668872954427073,0.47414806110458285,1702,1.7300021768592448,94.04841363102233,94.04841363102233
14,600,120,0.5,0.2,0.4,3,0.2,-1.0,0.5,0.12515675913920798,0.15882871873430093,0.7879982923527727,-0.20022622760416764,0.6250767476208641,1.0859421134027718,0.47532314923619273,1702,1.55760286817358,91.90893066980024,91.54637621064042
18,600,60,0.0,0.0,0.4,5,0.1,-0.7,0.7,0.10810139657501527,0.1372201496380399,0.7877953555666989,-0.3254749235693818,0.3321343327759356,1.0752449786245182,0.4894242068155112,1702,1.5751543084386606,84.32573443008225,83.96483876536429
24,250,252,0.0,0.2,0.5,5,0.4,-1.0,0.5,0.11531490687888812,0.1465263937188313,0.7869906844234853,-0.3680695683190133,0.31329649828301587,0.9895011118718727,0.5035252643948296,1702,1.2895615692784497,58.41997649823736,58.37657209226792
30,250,60,0.5,0.2,0.5,8,0.2,-0.5,1.0,0.09148163486048211,0.11678625876934241,0.7833253314601167,-0.22615606533001098,0.40450666103953686,1.0729012287481088,0.5129259694477086,1702,1.3268243881690238,52.1205052878966,52.10576352627497
14,600,180,0.0,0.2,0.3,8,0.4,-0.7,0.7,0.09840821317614656,0.1276749630583715,0.7707714247088169,-0.18504632545426403,0.5318031197569989,0.9232233381531901,0.49529964747356053,1702,1.4700157809509256,74.12150411280845,74.12150411280847
18,250,252,0.3,0.2,0.5,5,0.1,-0.5,1.0,0.09144617136397093,0.11933614677912256,0.7662906322359079,-0.3130851883835867,0.2920807970383212,1.011253484214597,0.4935370152761457,1702,1.5697320487451958,78.12197414806111,78.08045256260868
30,600,120,0.5,0.0,0.5,5,0.0,-0.7,0.7,0.10550478422424647,0.13813954397451172,0.7637551217319298,-0.18273062138271434,0.5773787853721316,1.027336769407527,0.4982373678025852,1702,1.319361731058159,61.013513513513516,60.78687055489425
30,250,120,0.5,0.0,0.5,3,0.0,-0.7,0.7,0.11423228942984953,0.15095165048538758,0.7567475351381299,-0.1779794490896578,0.6418285370256687,1.0168568276860988,0.48766157461809634,1702,1.3092999574555833,64.44359576968273,64.41320359803173
14,600,180,0.5,0.0,0.3,8,0.1,-0.5,1.0,0.0824992434274261,0.1090225760869133,0.7567170616263673,-0.20146683164411372,0.4094929311895817,1.0168153265175015,0.48413631022326675,1702,1.7242223611168919,87.93401880141012,87.93401880141012
24,250,180,0.5,0.2,0.5,5,0.1,-0.7,0.7,0.10298762769741399,0.13665966453145276,0.7536066186794347,-0.31167143153863563,0.3304365343624616,0.9491780841994035,0.5011750881316098,1702,1.4498244133845963,74.43278495887192,74.42221002872503
18,250,252,0.5,0.2,0.3,5,0.1,-0.5,1.0,0.0902518946497366,0.11983468698537614,0.7531366494974061,-0.30688302330883555,0.2940921712665431,0.9807158010174386,0.490599294947121,1702,1.5194188732179577,75.42726204465336,75.42726204465335
24,600,252,0.0,0.2,0.4,3,0.2,-0.7,0.7,0.1059440110960086,0.14108857807530428,0.7509042371910665,-0.26864110599569735,0.39437006746728265,0.9286044410177734,0.49236192714453586,1702,1.3428464395742463,65.7267920094007,65.57404334873091
14,600,60,0.0,0.2,0.3,3,0.0,-1.0,0.5,0.1112267222244292,0.14931178654055674,0.7449292838929182,-0.264100168337156,0.4211535453564526,0.9692390840054205,0.4988249118683901,1702,1.5464914950842206,91.31668625146887,91.28043672638073
18,600,60,0.3,0.2,0.3,8,0.1,-1.0,0.5,0.09880182873572463,0.1335254107929808,0.7399477608715843,-0.2580726962460381,0.3828449509495192,0.9620645514431758,0.5023501762632198,1702,1.4318720182712916,72.45158636897767,72.3099047850705
30,250,252,0.0,0.2,0.5,3,0.4,-1.0,0.5,0.1128815102353029,0.1526729318040031,0.7393681964542135,-0.3901386281635325,0.2893369230487654,0.9305071493731216,0.49588719153936545,1702,1.190292926581034,53.35135135135135,53.26379297007637
24,250,180,0.3,0.2,0.5,8,0.2,-0.7,0.7,0.08816181619829,0.11961987020291123,0.7370164843745531,-0.3017191733860958,0.29219825577830777,0.9230605433279633,0.500587544065805,1702,1.4321316289768604,67.21233842538189,67.2123384253819
24,250,180,0.3,0.0,0.3,8,0.2,-0.7,0.7,0.08888219813595866,0.12068828046758313,0.7364608874333279,-0.3103831393297922,0.2863628428009371,0.9205416670147055,0.5023501762632198,1702,1.405742841388154,65.58366627497061,65.58366627497062
30,600,252,0.0,0.0,0.3,8,0.1,-0.7,0.7,0.08995978180276065,0.12238594847211819,0.7350499213825612,-0.23819266036305564,0.3776765483270687,0.9049492679079328,0.5052878965922444,1702,1.2470023114539799,51.860164512338436,51.64283713135135
18,250,120,0.3,0.2,0.4,5,0.1,-0.5,1.0,0.08907801036957963,0.12146750879625118,0.7333484587964878,-0.3016115509929793,0.29534018201992907,0.9886519245240943,0.4935370152761457,1702,1.5535078661532993,80.9153936545241,80.9153936545241
30,250,60,0.5,0.0,0.4,3,0.4,-0.5,1.0,0.10091873934911577,0.13763358657201,0.7332420949178347,-0.24625245520533734,0.40981820573104455,1.0188983935101705,0.49529964747356053,1702,1.2104976134900727,53.09224441833137,53.04370354537015
18,600,120,0.3,0.0,0.3,8,0.2,-1.0,0.5,0.09889749853630136,0.13522052887929384,0.7313793205511225,-0.19646145141147464,0.5033939117611808,0.8973728323687218,0.500587544065805,1702,1.328580970021242,65.09506462984723,64.91518581377203
14,600,120,0.0,0.2,0.3,3,0.0,-1.0,0.5,0.11258704757583216,0.15415228840631565,0.7303624794662434,-0.22694181949112813,0.49610533584460637,0.9583141184253642,0.4864864864864865,1702,1.4743302421023248,87.57814336075205,87.57814336075205
14,600,180,0.0,0.0,0.3,8,0.1,-1.0,0.5,0.10353890074085537,0.14181553381542533,0.7300956246133976,-0.22930396939599618,0.451535579665649,0.8541788436257609,0.4970622796709753,1702,1.386315352799254,73.56680376028201,73.56680376028201
18,250,120,0.3,0.2,0.4,5,0.2,-0.5,1.0,0.08810997599737891,0.12081294653018652,0.7293090560899746,-0.28779569106302016,0.3061546045805286,0.9834505694842129,0.4917743830787309,1702,1.481986093618709,75.2520564042303,75.25205640423032
30,600,60,0.3,0.0,0.3,3,0.1,-0.7,0.7,0.10477277981045363,0.1444046305999745,0.7255500005445957,-0.2521191125314577,0.4155685729592627,1.0075696105037073,0.491186839012926,1702,1.308865655480116,65.96122209165688,65.79222074823737
24,600,252,0.0,0.0,0.5,5,0.1,-0.5,1.0,0.09465571458632893,0.1306254020309853,0.7246348192205059,-0.30968863985132933,0.30564800385241714,0.9336048998000561,0.4970622796709753,1702,1.3184303849898984,63.00740305522915,62.99999947549354
14,600,180,0.3,0.2,0.4,8,0.4,-0.7,0.7,0.09063353262524432,0.12545124950844225,0.722460182583874,-0.1931768282413433,0.4691739348365961,0.8857400651001666,0.4888366627497062,1702,1.437745168000675,74.90146886016451,74.90146886016451
14,600,180,0.5,0.0,0.4,5,0.4,-0.7,0.7,0.09983074802209857,0.13835652570856996,0.7215470864914537,-0.16876646065074086,0.5915319171662697,0.8960374472779187,0.48237367802585196,1702,1.4217974423438389,79.03008225616921,79.03008225616921
18,250,60,0.3,0.2,0.4,5,0.0,-0.7,0.7,0.09876411458735523,0.1371399231138098,0.7201704094976982,-0.3095705638594356,0.3190358713569431,0.9916662352312695,0.49236192714453586,1702,1.5155273323938134,85.38930669800236,85.36125065296712
18,600,180,0.5,0.2,0.3,8,0.0,-1.0,0.5,0.09616286708376509,0.13438823617414017,0.7155601548275202,-0.24915511540302393,0.3859558208476501,0.8398552171471052,0.491186839012926,1702,1.3205780676970742,65.09647473560517,64.98075573151587
14,600,120,0.0,0.2,0.3,8,0.2,-1.0,0.5,0.10072758056486708,0.14087871524766185,0.7149950252441619,-0.26802946497567925,0.37580786341534134,0.874263818780425,0.5023501762632198,1702,1.3621560832528226,73.04982373678025,73.04982373678027
30,250,120,0.0,0.0,0.4,5,0.0,-0.5,1.0,0.08786431033148401,0.12336786295295754,0.7122139285576204,-0.23207981285397683,0.37859523088622826,0.9387512676877705,0.5047003525264395,1702,1.2587557484571208,54.999764982373684,54.999764982373684
30,600,252,0.3,0.2,0.3,8,0.0,-0.5,1.0,0.08068788833556306,0.11363332533546915,0.7100724025927753,-0.19529162450937354,0.4131661485139125,0.8866799519950974,0.5,1702,1.226146391594065,49.503525264394824,49.15569375022914
14,600,120,0.0,0.0,0.4,8,0.2,-1.0,0.5,0.09915058900574225,0.139982818007833,0.7083054221711275,-0.24943924645598614,0.3974939405665559,0.8785927060236904,0.5017626321974148,1702,1.3921330442543087,75.99253819036427,75.99253819036427
24,250,180,0.3,0.0,0.5,8,0.1,-1.0,0.5,0.09259254042580078,0.1309629958903692,0.7070129985672532,-0.31220567998960735,0.29657545125022383,0.8819032808636564,0.4970622796709753,1702,1.3410759712767046,65.5954759106933,65.5954759106933
24,250,120,0.3,0.2,0.4,8,0.0,-1.0,0.5,0.0938100095941341,0.13286453396514597,0.706057567015913,-0.2784185483658348,0.3369387928525156,0.9166450151311306,0.5017626321974148,1702,1.3481164684406808,67.53860164512338,67.52666131397767
14,600,60,0.3,0.0,0.5,5,0.4,-0.7,0.7,0.09852459619028653,0.14014728703948462,0.7030075163890154,-0.2348440194291207,0.41953206400481774,0.9971822144615433,0.4811985898942421,1702,1.462570355726257,85.510223266745,85.510223266745
24,250,60,0.3,0.0,0.3,5,0.1,-0.7,0.7,0.10154677680575541,0.14532376410664635,0.6987623629899578,-0.3025266931392858,0.33566220471990693,0.9253400107597317,0.5017626321974148,1702,1.3855822883331583,77.62103407755582,77.51631173975325
30,600,252,0.0,0.2,0.5,5,0.2,-0.7,0.7,0.09364243662771798,0.13423569960199133,0.6975971139225086,-0.31612317841307136,0.29622135617451445,0.8725981873951756,0.5,1702,1.1983860385236407,54.90105757931845,54.57904862684489
30,250,252,0.0,0.2,0.5,8,0.1,-0.7,0.7,0.08416445970929143,0.12083408031235858,0.6965291537927427,-0.2945873988265243,0.2857028509860122,0.8640989073837243,0.500587544065805,1702,1.225430939957284,51.5587544065805,51.555952976104585
24,250,180,0.5,0.2,0.5,8,0.1,-0.7,0.7,0.08196847158748133,0.1188293878106816,0.6897996623366696,-0.31837848718385997,0.2574560621620941,0.8670069543244475,0.5017626321974148,1702,1.4240341986377079,70.25323149236193,70.25323149236193
24,250,180,0.5,0.0,0.5,8,0.0,-0.7,0.7,0.08221836698168983,0.11934603065316973,0.6889074276849959,-0.32145613228010206,0.2557685442132071,0.8645751835442809,0.5017626321974148,1702,1.4151121467525525,69.86457109283197,69.86457109283195
18,600,120,0.5,0.2,0.3,8,0.2,-1.0,0.5,0.0925250462784577,0.13448100819811784,0.6880157095650972,-0.2032165967362064,0.45530260699407155,0.8410765658317657,0.5011750881316098,1702,1.2898690280045222,65.52602820211516,65.3157014168214
30,250,252,0.5,0.2,0.4,5,0.2,-1.0,0.5,0.09954819883538568,0.14566911940249225,0.6833857391581274,-0.32753884813190526,0.3039279139044172,0.858101716424161,0.4929494712103408,1702,1.1337638285343126,51.34018801410106,51.32961308395417
24,600,60,0.5,0.2,0.5,3,0.0,-0.7,0.7,0.1002769841305442,0.14683662146314047,0.6829153594746535,-0.2934722588439288,0.341691526570736,0.8871825701987759,0.4864864864864865,1702,1.3332605925337098,74.14159811985898,74.07954784930082
18,600,120,0.5,0.0,0.4,5,0.1,-1.0,0.5,0.09996030192767646,0.14656250076616845,0.682031907241792,-0.22045255913883666,0.45343225915886715,0.8540612078200331,0.5029377203290247,1702,1.3396680803044672,75.26192714453585,75.07456951233843
18,250,60,0.5,0.0,0.4,8,0.0,-0.7,0.7,0.08415512039846296,0.12366535087796386,0.6805068663211039,-0.31205927080169904,0.26967671936893073,0.9275257609976524,0.4888366627497062,1702,1.49801675582198,81.0237955346651,81.01174028515277
14,250,120,0.0,0.2,0.3,3,0.4,-0.5,1.0,0.08648163200108128,0.12719593496901493,0.6799087724159447,-0.2529323441330955,0.3419160657269431,0.8673353118697437,0.4929494712103408,1702,1.5226402162442119,89.7867215041128,89.75742634445359
30,250,252,0.3,0.0,0.3,3,0.2,-0.5,1.0,0.08599296668901513,0.12723291777930157,0.6758704287374645,-0.3064725372536049,0.2805894696458765,0.8849277055807878,0.49471210340775557,1702,1.1810637957686752,53.05522914218566,53.036928919089306
30,250,252,0.5,0.0,0.4,5,0.4,-1.0,0.5,0.09659993822483814,0.14416119991835893,0.6700827842688908,-0.36138761723320223,0.26730284497407814,0.8425912907895297,0.49236192714453586,1702,1.0568903527380065,44.70458284371327,44.70458284371328
30,250,252,0.5,0.2,0.3,3,0.0,-0.5,1.0,0.08375580253480197,0.12508380896737029,0.6695974740955541,-0.28220759600030954,0.2967879097581417,0.8829219986719954,0.4970622796709753,1702,1.1714254043284056,52.21621621621621,52.173239142356046
18,250,252,0.3,0.0,0.3,5,0.0,-0.5,1.0,0.07951881265413308,0.11898060394980178,0.6683342495696379,-0.31362761550905804,0.25354531527800506,0.8694575230197886,0.4864864864864865,1702,1.4426430286857599,76.31562867215042,76.30599465847826
14,600,120,0.3,0.2,0.5,8,0.2,-0.7,0.7,0.08512953736793327,0.12740686292552916,0.668170735964926,-0.17097748809702495,0.4978990995564553,0.8593847119530801,0.490599294947121,1702,1.499005480871435,86.35998824911869,86.3599882491187
14,600,120,0.3,0.0,0.4,8,0.1,-1.0,0.5,0.09342087146247047,0.14067265336875462,0.6641011541708828,-0.25394413440583785,0.36787961919676,0.823386022593953,0.500587544065805,1702,1.3764817428888025,79.28249118683901,79.28249118683901
30,250,120,0.0,0.2,0.4,5,0.0,-0.5,1.0,0.07934304825116989,0.11976655916327858,0.6624808193996871,-0.24336143166485713,0.32602967408753747,0.8619462326469816,0.5017626321974148,1702,1.2213496062354532,55.08860164512338,55.08860164512339
30,250,252,0.3,0.0,0.5,8,0.0,-0.7,0.7,0.08047433530845693,0.12170279619471547,0.6612365354342719,-0.30988868433174765,0.259687879478381,0.817031070699103,0.5041128084606346,1702,1.182237968726221,51.36133960047003,51.35853816999412
18,250,252,0.5,0.0,0.5,8,0.1,-0.7,0.7,0.08022529125251499,0.12192859939743325,0.6579694316918712,-0.37490991504347604,0.21398551500888352,0.8122891290593042,0.4935370152761457,1702,1.3774261644283623,72.37156286721505,72.37156286721505
30,250,60,0.5,0.2,0.4,3,0.4,-0.5,1.0,0.09208199280594287,0.14100567924397767,0.6530374755091695,-0.251210647827275,0.366552905310191,0.8709949664402759,0.49412455934195065,1702,1.1131947291645372,53.01821386603995,52.96967299307873
24,250,60,0.3,0.0,0.3,8,0.1,-1.0,0.5,0.0851314718743188,0.13186078752504968,0.6456162857221395,-0.30549457673808356,0.2786677026587822,0.87290116164277,0.5023501762632198,1702,1.3390852458983806,71.62614571092833,71.61409046141597
24,250,180,0.5,0.2,0.5,3,0.4,-0.7,0.7,0.09369303200754775,0.14661087323899682,0.6390592316765935,-0.34104099165594326,0.27472659973399705,0.8046115752581344,0.5011750881316098,1702,1.2509505279177613,71.57520564042302,71.56086498287308
24,250,252,0.3,0.0,0.5,5,0.2,-0.7,0.7,0.08546285693907096,0.13624670274929795,0.627265505986796,-0.39017661187157504,0.2190363397978367,0.786143003739979,0.5070505287896592,1702,1.2692142413421157,70.22291421856639,70.2229142185664
14,600,120,0.3,0.2,0.5,5,0.2,-0.7,0.7,0.08576910195424547,0.13778223044409732,0.6224975577605035,-0.19501297274327611,0.4398122891401476,0.8050547473710621,0.48766157461809634,1702,1.44094283833953,90.81574618096357,90.81574618096357
14,250,120,0.3,0.0,0.4,8,0.4,-1.0,0.5,0.08441866415320032,0.1358503208258409,0.6214093837983969,-0.2734979894060613,0.3086628327196376,0.7838338029119396,0.4929494712103408,1702,1.2766932091995513,73.2340188014101,73.23401880141012
30,600,60,0.5,0.0,0.4,3,0.2,-0.7,0.7,0.0907469573845332,0.1480104798259461,0.6131117032472815,-0.2945707614808246,0.30806505346403995,0.842777266563579,0.48589894242068155,1702,1.20166818059182,68.61398354876616,68.30063067525263
14,600,252,0.0,0.2,0.5,5,0.2,-0.7,0.7,0.08550528294284176,0.14155535845613637,0.6040413014060305,-0.29422203072676,0.29061482150617524,0.7206456214039582,0.4935370152761457,1702,1.3548670529961877,86.23572267920093,86.01484741697415
14,600,60,0.3,0.2,0.3,8,0.2,-0.7,0.7,0.07613817822822888,0.12646615323922333,0.6020439167166406,-0.2684733858866617,0.2835967445218993,0.8190618596608087,0.490599294947121,1702,1.4522445631276135,87.74330199764981,87.74330199764985
14,250,180,0.5,0.0,0.5,5,0.1,-1.0,0.5,0.08840071216867251,0.14709990210863066,0.6009569748278293,-0.2997311768781573,0.29493332355148355,0.7710979971830363,0.4788484136310223,1702,1.3821363380055258,89.61398354876617,89.61398354876616
30,250,252,0.0,0.0,0.5,3,0.1,-1.0,0.5,0.09254436402198318,0.1542127290406806,0.6001084644418063,-0.42147064031286663,0.21957487703837575,0.7700006223436857,0.4894242068155112,1702,1.0977380637627296,59.47121034077555,59.41614131836075
14,250,180,0.5,0.0,0.5,3,0.0,-1.0,0.5,0.09403605275752902,0.15725539387435167,0.59798300357611,-0.3547035735556978,0.2651116587714978,0.7852525563256533,0.4712103407755582,1702,1.3723796390816692,94.77144535840186,94.01423457292597
24,250,252,0.5,0.0,0.3,8,0.1,-0.7,0.7,0.07322417758538569,0.12254931793318173,0.5975078345626544,-0.37989480646840457,0.19274856180871655,0.7400962288583308,0.5111633372502937,1702,1.2439856744607243,65.384312573443,65.38431257344303
14,250,180,0.5,0.0,0.4,3,0.0,-0.5,1.0,0.07778936673004089,0.1306188138448401,0.5955448869903656,-0.31526614509822537,0.24674189709080427,0.8065593782238034,0.4688601645123384,1702,1.5197231390665304,98.9171562867215,98.72281442529378
30,250,252,0.3,0.0,0.5,3,0.2,-0.5,1.0,0.07574853169594786,0.12879930133511072,0.5881129083058061,-0.3813866710102364,0.19861347407685043,0.7825924860667569,0.491186839012926,1702,1.1228239684190704,56.411280846063455,56.3929806229671
18,250,60,0.0,0.0,0.3,3,0.4,-0.5,1.0,0.07456035344187906,0.12826682352685642,0.581291025939125,-0.3365083892497215,0.22157056353964516,0.7503955389594396,0.49588719153936545,1702,1.262357394833048,73.43830787309048,73.3612584669095
14,250,180,0.0,0.2,0.4,8,0.1,-1.0,0.5,0.0773672841142683,0.13576082522758368,0.5698793004872582,-0.2451143125023384,0.3156375624272459,0.6781436690131766,0.4900117508813161,1702,1.3019980374245113,80.35399529964748,80.35399529964747
18,600,60,0.3,0.0,0.5,3,0.2,-1.0,0.5,0.08066007584030221,0.1429752004803393,0.5641543118618945,-0.27894542549503776,0.2891607765108774,0.7540004051627024,0.49529964747356053,1702,1.3358055805192441,85.80141010575794,85.41977363643949
18,250,252,0.5,0.0,0.4,3,0.1,-0.5,1.0,0.07014899272442143,0.1250483760272418,0.560974839922267,-0.3732892181776475,0.18792129348626857,0.7773129199836294,0.4712103407755582,1702,1.3584596991661364,82.35898942420681,82.11892641065218
14,250,120,0.3,0.0,0.3,8,0.0,-0.5,1.0,0.06296397652911523,0.11389588477623026,0.5528204697897533,-0.2906910083454539,0.21660104620191606,0.7292857511097366,0.4864864864864865,1702,1.5174049694092526,92.74900117508813,92.74900117508813
24,250,60,0.5,0.2,0.4,3,0.1,-0.7,0.7,0.08095514115399016,0.14912035284121988,0.5428845869228156,-0.346736938895135,0.2334771178748675,0.7190959838915068,0.4870740305522914,1702,1.235096522932978,81.47062279670975,81.40212013759107
14,600,252,0.0,0.2,0.4,8,0.2,-1.0,0.5,0.07710825612737793,0.14251677365838467,0.5410468827494498,-0.2870318455058408,0.26864007368760356,0.6252667750271942,0.5011750881316098,1702,1.1266957821771415,68.68519388954172,68.68519388954172
14,600,252,0.3,0.0,0.3,5,0.0,-0.7,0.7,0.07664431825943896,0.14326648258582897,0.5349773155317219,-0.31574789897647126,0.2427389651930837,0.6356878055471391,0.4900117508813161,1702,1.2897060611689488,88.19753231492363,87.96319299955347
18,250,120,0.5,0.0,0.4,8,0.0,-1.0,0.5,0.07260179177003168,0.1361492650125426,0.5332514410808117,-0.2818290676437696,0.2576093104129342,0.6521998907774421,0.4988249118683901,1702,1.211785074616953,74.30058754406582,74.2886472129201
14,600,252,0.3,0.2,0.5,5,0.2,-1.0,0.5,0.08321873920725031,0.15656849454168997,0.5315165062476308,-0.3524192837635802,0.23613560052257934,0.6257085930508762,0.49471210340775557,1702,1.1551754285224427,77.803642773208,77.77547180980612
24,250,60,0.3,0.0,0.3,3,0.2,-0.5,1.0,0.0727253138774282,0.13703166925331298,0.5307190248335236,-0.3203536536983044,0.22701571540656704,0.7181106503602743,0.4835487661574618,1702,1.1961741431737118,74.24030552291421,74.16284374619859
18,600,252,0.3,0.2,0.4,8,0.0,-1.0,0.5,0.0734681823022647,0.13924232237325757,0.5276282458527478,-0.3132173118109275,0.23455977537606068,0.6064145365033206,0.4970622796709753,1702,1.0731341309932891,62.451292596944775,62.26630214749706
14,600,252,0.5,0.2,0.5,8,0.0,-0.7,0.7,0.06590018422521915,0.12897884160931014,0.5109379445726255,-0.3172854695834749,0.20769997539355142,0.6054466581553445,0.48766157461809634,1702,1.2675525985945955,81.73448883666275,81.63147046267332
14,600,60,0.5,0.2,0.5,5,0.1,-0.5,1.0,0.06505856599568749,0.12908048051421203,0.5040155237764582,-0.302279563028656,0.2152264789052906,0.7286565266715554,0.47238542890716806,1702,1.468666461909707,101.9647473560517,101.93988846810811
24,250,252,0.5,0.2,0.3,3,0.0,-1.0,0.5,0.07844249474955856,0.1560175592074094,0.5027799123897155,-0.44864354362294756,0.17484369465368657,0.6406208589140481,0.490599294947121,1702,1.0358675562235655,66.7508813160987,66.74018961509401
18,600,252,0.5,0.0,0.4,5,0.0,-1.0,0.5,0.07611525717745948,0.15159886195833658,0.5020833019074905,-0.33707381787671054,0.2258118345023751,0.5925241387669469,0.4935370152761457,1702,1.0704519764626674,69.16427732079906,68.93010943304348
14,250,120,0.3,0.0,0.4,5,0.2,-1.0,0.5,0.07294228867477126,0.14604372153632847,0.4994551488242295,-0.32854995368336815,0.2220127802698386,0.6380097140622772,0.48531139835487663,1702,1.247157341099081,87.4202115158637,87.40462545467098
24,250,60,0.3,0.2,0.5,3,0.2,-0.7,0.7,0.07256694788102047,0.14566687023254918,0.49817057073561966,-0.34211463434268774,0.21211296038371735,0.6436307241137205,0.49588719153936545,1702,1.220288082378964,83.24735605170387,83.0848426227497
18,600,60,0.5,0.0,0.5,3,0.2,-1.0,0.5,0.07154389088432556,0.14402827779293353,0.49673502995837193,-0.2748115666726304,0.26033798995641366,0.6650327824875143,0.4888366627497062,1702,1.2527141753913396,85.50528789659222,85.02386499585194
30,250,252,0.5,0.0,0.5,5,0.0,-0.5,1.0,0.05813786964015466,0.12047758584865911,0.4825617083096766,-0.3598469462507585,0.16156277063316085,0.6078270345389235,0.4900117508813161,1702,1.01936256954242,54.298942420681556,54.29058869878379
14,250,180,0.5,0.2,0.4,3,0.4,-0.5,1.0,0.06214272181841807,0.12993042370688324,0.47827691194642025,-0.34158304198644307,0.18192566427488055,0.6387683267679788,0.47297297297297297,1702,1.3233748255208535,92.8466509988249,92.78695909378376
14,250,252,0.3,0.2,0.4,5,0.4,-0.5,1.0,0.05832357468297822,0.12448101811819523,0.46853388223094183,-0.39217449707345087,0.1487184279401389,0.5561093562427225,0.49529964747356053,1702,1.2447919124485698,84.2048178613396,84.18165802898355
30,250,252,0.0,0.2,0.3,3,0.1,-1.0,0.5,0.06674787587165443,0.14306242975090774,0.4665646738131882,-0.34276614936295413,0.19473298631066185,0.5469061016072311,0.5058754406580493,1702,0.9697561085911741,57.29964747356052,57.29964747356052
18,250,252,0.5,0.2,0.4,5,0.4,-1.0,0.5,0.06857788030431178,0.14790804047854758,0.4636521454981904,-0.342594101761042,0.20017239045214086,0.5442414487509479,0.4982373678025852,1702,0.9605097393763936,61.21586368977674,61.21586368977673
14,600,252,0.0,0.0,0.3,3,0.4,-1.0,0.5,0.07222402589497134,0.1565540616382888,0.46133600839971656,-0.34113441895586805,0.2117172055403616,0.5129751608601105,0.5047003525264395,1702,1.0640893383715495,76.44888366627497,76.44888366627498
14,250,120,0.3,0.2,0.4,8,0.0,-1.0,0.5,0.061523747728798206,0.1361280475271488,0.4519549706795594,-0.3377636572404814,0.1821502888482595,0.5672721570686461,0.4882491186839013,1702,1.215618914614421,84.79406580493537,84.79406580493539
24,250,60,0.3,0.0,0.5,3,0.0,-0.7,0.7,0.06616333454635104,0.1478685016101036,0.44744711568667317,-0.3742127221725674,0.17680674821055378,0.5954756584520505,0.4882491186839013,1702,1.1481981729482431,82.70446533490012,82.49905059297885
14,250,120,0.5,0.2,0.5,8,0.1,-1.0,0.5,0.06013654562475379,0.13563771818171896,0.4433615253257696,-0.32553383887884035,0.18473208755153675,0.5610356005077657,0.4864864864864865,1702,1.2291009505618253,86.62632197414806,86.61729937066394
18,250,120,0.3,0.2,0.4,3,0.1,-1.0,0.5,0.06701715447236523,0.15270912533730616,0.43885494284861337,-0.3649293767186035,0.1836441754154587,0.5572128689265072,0.47532314923619273,1702,1.1476189904972418,85.41891891891893,85.38617248945947
18,250,60,0.5,0.0,0.5,3,0.0,-1.0,0.5,0.0643730150088877,0.14851749899508418,0.4334372410285363,-0.3434640963306972,0.18742283603031246,0.5862845404645353,0.4806110458284371,1702,1.1905833846184848,88.17038777908343,87.96339494490601
14,250,60,0.0,0.2,0.5,3,0.1,-0.5,1.0,0.054329656669300785,0.12620344911288786,0.43049264541655585,-0.37207550191946337,0.14601782807259525,0.5966060675032132,0.47473560517038776,1702,1.4427509795225983,105.53055229142186,105.53055229142186
14,600,60,0.5,0.0,0.3,3,0.1,-0.5,1.0,0.05607149821123847,0.1315461460051409,0.4262496463335928,-0.28650406650963567,0.19570925779286513,0.5942028401962663,0.4700352526439483,1702,1.3753270403450775,103.08754406580493,102.90288195745595
14,250,180,0.0,0.0,0.5,8,0.1,-0.7,0.7,0.05192532079796908,0.12356909406915612,0.42021284682162346,-0.2631807232502317,0.19729910366040979,0.5013930183871926,0.4794359576968273,1702,1.2790014898472766,88.62690951821388,88.62690951821385
14,250,120,0.5,0.0,0.4,5,0.0,-0.7,0.7,0.0550714351437549,0.13375462499125992,0.41173481027182046,-0.3283562088996427,0.1677185740702308,0.5404655550775564,0.4788484136310223,1702,1.2893540111659607,96.3458284371328,96.33019736943596
14,250,252,0.3,0.2,0.4,8,0.2,-0.5,1.0,0.04481762865837613,0.11317793728410147,0.3959926266006602,-0.38281945339069046,0.11707249530142613,0.4749061511660794,0.48766157461809634,1702,1.2583096113793857,85.65810810810811,85.65810810810811
14,600,252,0.3,0.0,0.5,3,0.2,-1.0,0.5,0.06475374225571251,0.16372896694702366,0.3954935004058525,-0.40542817051358326,0.15971692883028965,0.47481618290966315,0.48296122209165687,1702,1.1116315684111426,91.82256169212691,91.69348801293773
24,250,60,0.5,0.0,0.5,3,0.4,-0.5,1.0,0.0527791373558224,0.1353386596249976,0.3899782774712354,-0.35853906413585224,0.14720610007456295,0.529433794062313,0.4735605170387779,1702,1.0003360540719106,69.44065804935369,69.31259603714453
14,250,60,0.3,0.0,0.3,5,0.0,-0.7,0.7,0.05158169433524895,0.13662458769285854,0.377543275381794,-0.40279538238248425,0.12805929906681077,0.5190406694018295,0.4712103407755582,1702,1.2671740475444984,99.30705052878966,99.27255762717392
14,250,252,0.0,0.2,0.5,5,0.4,-0.5,1.0,0.04448460588746017,0.12007398978554126,0.3704766200149768,-0.40759748221083114,0.10913856887970265,0.4364871144124312,0.4888366627497062,1702,1.1828348063612903,85.71504112808461,85.67458761065217
24,250,252,0.5,0.2,0.5,8,0.0,-0.5,1.0,0.03555223850767231,0.10614528051728936,0.33493941826157236,-0.34675654290543545,0.10252795292565775,0.4069429522655918,0.5058754406580493,1702,1.0311148600870839,64.35863689776734,64.35863689776733
14,250,60,0.3,0.2,0.3,8,0.1,-0.7,0.7,0.03925400798064693,0.1214807687264405,0.3231294005806141,-0.3981275463452548,0.0985965636916919,0.43052753697499124,0.4794359576968273,1702,1.2381733916552269,93.25752056404231,93.25752056404231
14,250,252,0.0,0.0,0.5,8,0.2,-1.0,0.5,0.039589008756822475,0.1389140622444716,0.2849892092792644,-0.41039130181532346,0.09646649083863276,0.3304977023891362,0.4882491186839013,1702,0.9345933885117437,76.57121034077555,76.57121034077555
14,250,252,0.3,0.2,0.4,8,0.0,-0.7,0.7,0.030103390622267856,0.1274167368594159,0.23625931227137106,-0.3957564481403424,0.07606544571471556,0.2727395248412505,0.48296122209165687,1702,1.0042004566171001,84.65358401880141,84.65358401880141
14,250,252,0.0,0.2,0.3,3,0.0,-0.5,1.0,0.026428542088404727,0.12322434555828814,0.2144750046645886,-0.4481175580325868,0.05897680556065795,0.2474016132861405,0.48237367802585196,1702,1.0864742143157164,93.98178613396004,93.98178613396004
24,250,252,0.0,0.0,0.3,3,0.1,-0.5,1.0,0.002281539968204571,0.11747312502041743,0.01942180364920085,-0.39762268506995646,0.005737952219207926,0.02241218242036731,0.48296122209165687,1702,0.7112179277879828,71.69858989424206,71.59531814106346
