id,strategy,cost_bps,net_sharpe,net_ret
r1_rev_1d,ls_top4_bot4_weekly,0,-0.5259204836818362,-0.13093302178666033
r1_rev_1d,ls_top4_bot4_weekly,5,-0.8171889795194682,-0.20294829327987304
r1_rev_1d,ls_top4_bot4_weekly,10,-1.1080831513202893,-0.27496356477308576
r1_rev_1d,ls_top4_bot4_weekly,15,-1.3971745829246307,-0.3469788362662984
r1_rev_1d,ls_top4_bot4_monthly,0,-0.3688207936971405,-0.08672599069266969
r1_rev_1d,ls_top4_bot4_monthly,5,-0.4414100989810071,-0.10379442960669687
r1_rev_1d,ls_top4_bot4_monthly,10,-0.5137582194128181,-0.12086286852072403
r1_rev_1d,ls_top4_bot4_monthly,15,-0.5857638327149125,-0.13793130743475118
r1_rev_1d,longonly_top3_weekly,0,0.38393369322780047,0.09751617068593733
r1_rev_1d,longonly_top3_weekly,5,0.22419604195016726,0.05691775439634455
r1_rev_1d,longonly_top3_weekly,10,0.06428131986417865,0.016319338106751794
r1_rev_1d,longonly_top3_weekly,15,-0.09559121013504539,-0.024279078182840957
r1_rev_1d,longonly_top3_monthly,0,0.2974963841110191,0.07651901625245364
r1_rev_1d,longonly_top3_monthly,5,0.2604582612224092,0.06699299815290609
r1_rev_1d,longonly_top3_monthly,10,0.22339482787209008,0.0574669800533586
r1_rev_1d,longonly_top3_monthly,15,0.1863189995789546,0.04794096195381109
r1_rev_5d,ls_top4_bot4_weekly,0,-0.3735383862601656,-0.09670834773420976
r1_rev_5d,ls_top4_bot4_weekly,5,-0.6454111648950742,-0.16712011244009214
r1_rev_5d,ls_top4_bot4_weekly,10,-0.9158784522084197,-0.23753187714597457
r1_rev_5d,ls_top4_bot4_weekly,15,-1.1837855897253597,-0.3079436418518569
r1_rev_5d,ls_top4_bot4_monthly,0,-0.37109011036265666,-0.09303317263067838
r1_rev_5d,ls_top4_bot4_monthly,5,-0.44215756491414715,-0.11077864774380054
r1_rev_5d,ls_top4_bot4_monthly,10,-0.5130866145526944,-0.12852412285692272
r1_rev_5d,ls_top4_bot4_monthly,15,-0.5837817257584996,-0.1462695979700449
r1_rev_5d,longonly_top3_weekly,0,0.3152982181086382,0.07753124751965328
r1_rev_5d,longonly_top3_weekly,5,0.15108297873678833,0.037170387791146495
r1_rev_5d,longonly_top3_weekly,10,-0.012955002944477012,-0.0031904719373602774
r1_rev_5d,longonly_top3_weekly,15,-0.17657932948367636,-0.04355133166586708
r1_rev_5d,longonly_top3_monthly,0,0.3123041053490431,0.08018799888670042
r1_rev_5d,longonly_top3_monthly,5,0.2733017742301975,0.07018686766498096
r1_rev_5d,longonly_top3_monthly,10,0.23428418241569732,0.060185736443261494
r1_rev_5d,longonly_top3_monthly,15,0.19526631592812502,0.05018460522154205
r1_rev_20d,ls_top4_bot4_weekly,0,-0.3635189250271083,-0.09957672432256828
r1_rev_20d,ls_top4_bot4_weekly,5,-0.5034556752719183,-0.13788271979768144
r1_rev_20d,ls_top4_bot4_weekly,10,-0.643167235828452,-0.1761887152727946
r1_rev_20d,ls_top4_bot4_weekly,15,-0.7824729333191768,-0.21449471074790777
r1_rev_20d,ls_top4_bot4_monthly,0,-0.04101718296051655,-0.010781972367873116
r1_rev_20d,ls_top4_bot4_monthly,5,-0.10999898647978036,-0.028919415806787172
r1_rev_20d,ls_top4_bot4_monthly,10,-0.17888379005927102,-0.04705685924570121
r1_rev_20d,ls_top4_bot4_monthly,15,-0.24758512020353265,-0.06519430268461529
r1_rev_20d,longonly_top3_weekly,0,0.48242399169206335,0.11773047167947942
r1_rev_20d,longonly_top3_weekly,5,0.38398573655352297,0.09371350335368758
r1_rev_20d,longonly_top3_weekly,10,0.2854958479389633,0.06969653502789575
r1_rev_20d,longonly_top3_weekly,15,0.18702050561154016,0.04567956670210384
r1_rev_20d,longonly_top3_monthly,0,0.6008724007257894,0.15095837413359628
r1_rev_20d,longonly_top3_monthly,5,0.5592385649827378,0.1405296411019221
r1_rev_20d,longonly_top3_monthly,10,0.5175503062543526,0.1301009080702479
r1_rev_20d,longonly_top3_monthly,15,0.4758253362110147,0.11967217503857368
r1_rev_40d,ls_top4_bot4_weekly,0,0.01332839251477311,0.00374528087202157
r1_rev_40d,ls_top4_bot4_weekly,5,-0.09246106709275088,-0.025973044919833675
r1_rev_40d,ls_top4_bot4_weekly,10,-0.19826633385919576,-0.05569137071168888
r1_rev_40d,ls_top4_bot4_weekly,15,-0.3040014270264056,-0.08540969650354412
r1_rev_40d,ls_top4_bot4_monthly,0,0.041786623236015855,0.011300465756171073
r1_rev_40d,ls_top4_bot4_monthly,5,-0.010260556976324855,-0.0027747604881728292
r1_rev_40d,ls_top4_bot4_monthly,10,-0.0622930958661258,-0.016849986732516725
r1_rev_40d,ls_top4_bot4_monthly,15,-0.1142716619045862,-0.030925212976860645
r1_rev_40d,longonly_top3_weekly,0,0.7982971377846637,0.1946720061246143
r1_rev_40d,longonly_top3_weekly,5,0.7200786120491955,0.1755962142694107
r1_rev_40d,longonly_top3_weekly,10,0.641754604882025,0.15652042241420705
r1_rev_40d,longonly_top3_weekly,15,0.5633633224411082,0.1374446305590034
r1_rev_40d,longonly_top3_monthly,0,0.8103180666969393,0.1936305412123181
r1_rev_40d,longonly_top3_monthly,5,0.7742206132974657,0.18505474935711444
r1_rev_40d,longonly_top3_monthly,10,0.738058224293079,0.17647895750191084
r1_rev_40d,longonly_top3_monthly,15,0.7018434659280999,0.16790316564670726
r1_rev_60d,ls_top4_bot4_weekly,0,-0.168046517233548,-0.04716031230684744
r1_rev_60d,ls_top4_bot4_weekly,5,-0.25381612930784975,-0.07121291411680222
r1_rev_60d,ls_top4_bot4_weekly,10,-0.33956476778512884,-0.09526551592675699
r1_rev_60d,ls_top4_bot4_weekly,15,-0.42524432664591444,-0.11931811773671176
r1_rev_60d,ls_top4_bot4_monthly,0,-0.25356377632905996,-0.0674031707174028
r1_rev_60d,ls_top4_bot4_monthly,5,-0.29691456362367796,-0.07891278610201823
r1_rev_60d,ls_top4_bot4_monthly,10,-0.34022083799528713,-0.09042240148663358
r1_rev_60d,ls_top4_bot4_monthly,15,-0.3834597190352872,-0.10193201687124899
r1_rev_60d,longonly_top3_weekly,0,0.6193639859825045,0.14757394423226586
r1_rev_60d,longonly_top3_weekly,5,0.5557985112237599,0.13244159129108937
r1_rev_60d,longonly_top3_weekly,10,0.4921858546623812,0.11730923834991293
r1_rev_60d,longonly_top3_weekly,15,0.42854927650621516,0.10217688540873644
r1_rev_60d,longonly_top3_monthly,0,0.5582699920004744,0.1340634683608028
r1_rev_60d,longonly_top3_monthly,5,0.5294013352739785,0.12715057243320096
r1_rev_60d,longonly_top3_monthly,10,0.5005017166882462,0.12023767650559915
r1_rev_60d,longonly_top3_monthly,15,0.47157809037282017,0.11332478057799734
r1_rev_80d,ls_top4_bot4_weekly,0,-0.18927598172185112,-0.05283701049348605
r1_rev_80d,ls_top4_bot4_weekly,5,-0.2664199053023296,-0.07439526841203808
r1_rev_80d,ls_top4_bot4_weekly,10,-0.34346083074059675,-0.09595352633059015
r1_rev_80d,ls_top4_bot4_weekly,15,-0.4203621949895845,-0.1175117842491422
r1_rev_80d,ls_top4_bot4_monthly,0,-0.14705654963502918,-0.039175240828148675
r1_rev_80d,ls_top4_bot4_monthly,5,-0.1862364463206485,-0.04961585168787719
r1_rev_80d,ls_top4_bot4_monthly,10,-0.2253765018539189,-0.06005646254760573
r1_rev_80d,ls_top4_bot4_monthly,15,-0.26445869788815,-0.07049707340733423
r1_rev_80d,longonly_top3_weekly,0,0.6724862103607561,0.1606864322935117
r1_rev_80d,longonly_top3_weekly,5,0.6121301806788637,0.1462667490355931
r1_rev_80d,longonly_top3_weekly,10,0.5517154688440487,0.13184706577767458
r1_rev_80d,longonly_top3_weekly,15,0.49126193432632564,0.117427382519756
r1_rev_80d,longonly_top3_monthly,0,0.7834485879619539,0.1879732463929578
r1_rev_80d,longonly_top3_monthly,5,0.7566534436686927,0.18153546358752795
r1_rev_80d,longonly_top3_monthly,10,0.7298018808839144,0.17509768078209806
r1_rev_80d,longonly_top3_monthly,15,0.702899847118004,0.1686598979766682
r1_dd60_raw,ls_top4_bot4_weekly,0,-0.3902438074023648,-0.09824239675597539
r1_dd60_raw,ls_top4_bot4_weekly,5,-0.5215431029389153,-0.1313102700591428
r1_dd60_raw,ls_top4_bot4_weekly,10,-0.6525464104604466,-0.1643781433623103
r1_dd60_raw,ls_top4_bot4_weekly,15,-0.78309322500699,-0.1974460166654777
r1_dd60_raw,ls_top4_bot4_monthly,0,-0.25917049574537876,-0.06158514486262711
r1_dd60_raw,ls_top4_bot4_monthly,5,-0.31762571954736724,-0.07548220368615655
r1_dd60_raw,ls_top4_bot4_monthly,10,-0.3759524270785768,-0.08937926250968596
r1_dd60_raw,ls_top4_bot4_monthly,15,-0.43409600247241836,-0.10327632133321539
r1_dd60_raw,longonly_top3_weekly,0,0.4488216815692907,0.12164648839144274
r1_dd60_raw,longonly_top3_weekly,5,0.3920506833934842,0.10627657888918025
r1_dd60_raw,longonly_top3_weekly,10,0.3352664445013482,0.09090666938691781
r1_dd60_raw,longonly_top3_weekly,15,0.27848495939420365,0.07553675988465537
r1_dd60_raw,longonly_top3_monthly,0,0.4164690923611519,0.11155844341227578
r1_dd60_raw,longonly_top3_monthly,5,0.3910630043529873,0.10478808142132554
r1_dd60_raw,longonly_top3_monthly,10,0.36565060393744586,0.09801771943037531
r1_dd60_raw,longonly_top3_monthly,15,0.34023678538648644,0.09124735743942508
r1_dd60_recover,ls_top4_bot4_weekly,0,-0.057907726336789575,-0.011086652302258866
r1_dd60_recover,ls_top4_bot4_weekly,5,-0.3724235854133432,-0.07141414099004173
r1_dd60_recover,ls_top4_bot4_weekly,10,-0.6845853273649651,-0.13174162967782452
r1_dd60_recover,ls_top4_bot4_weekly,15,-0.9925828547451724,-0.19206911836560728
r1_dd60_recover,ls_top4_bot4_monthly,0,-0.21141641975090608,-0.040050678624328526
r1_dd60_recover,ls_top4_bot4_monthly,5,-0.2924464538933353,-0.05540871029853671
r1_dd60_recover,ls_top4_bot4_monthly,10,-0.3732329296037097,-0.07076674197274484
r1_dd60_recover,ls_top4_bot4_monthly,15,-0.4536337473445709,-0.08612477364695299
r1_dd60_recover,longonly_top3_weekly,0,0.5073486030627031,0.12289688113603042
r1_dd60_recover,longonly_top3_weekly,5,0.354029447832681,0.08586181326272724
r1_dd60_recover,longonly_top3_weekly,10,0.20099127658953453,0.0488267453894241
r1_dd60_recover,longonly_top3_weekly,15,0.048437690045087245,0.011791677516120938
r1_dd60_recover,longonly_top3_monthly,0,0.37950339302476005,0.09416953368610206
r1_dd60_recover,longonly_top3_monthly,5,0.3408024872895757,0.08459600427433736
r1_dd60_recover,longonly_top3_monthly,10,0.30208952940952244,0.07502247486257266
r1_dd60_recover,longonly_top3_monthly,15,0.2633796407351234,0.06544894545080795
